AreaID,ClassID,county_id,DevCategory,parcel_id,job_spaces,resunits,Acres,sf_res,sf_com,acres_res,acres_com
0,8,1.0,Developable,48.0,0.0,0.0,14.636327164657683,0.0,0.0,0.0,0.0
0,8,1.0,Redevelopable,53.0,879.0991328950403,6.5809827749496,42.568730992571545,7540.898917030901,353570.7548044662,0.9532362174141381,41.61549477515741
0,8,1.0,Remain,16.0,487.502293746372,2.2932094132170002,13.2866226492595,3767.437093785,279700.42518860823,0.6985410669494,12.5880815823101
0,8,1.0,Undevelopable,17.0,0.0,27.9738006937,8.426638327149345,42936.4272088,0.0,0.0,0.0
1,6,2.0,Developable,23.0,0.0,0.0,26.560251860202307,0.0,0.0,0.0,0.0
1,6,2.0,Redevelopable,20.0,595.60913861402,22.981274292133403,15.502682301727848,21919.6174320061,276945.02660273,0.56097560408485,14.941706697643
1,6,2.0,Remain,13.0,102.3410099739122,142.9100063094084,10.462269032292472,26800.025109356004,63102.323559980905,7.179859613249669,3.2824094190428004
1,6,2.0,Undevelopable,1.0,0.0,0.0,3.98373565657,0.0,0.0,0.0,0.0
2,8,2.0,Developable,86.0,0.0,0.0,30.891084754865947,0.0,0.0,0.0,0.0
2,8,2.0,Redevelopable,384.0,2568.194133284357,292.6742358957549,168.19940812326718,503767.45904653403,1350049.0568880916,73.07361856782937,95.1257895554377
2,8,2.0,Remain,248.0,729.0959295585701,243.0647067261981,43.07602141845397,395200.56115932245,354840.98660464,17.130632623391964,25.945388795061994
2,8,2.0,Undevelopable,25.0,128.92496491862,1.4931381172629998,25.75970620950904,2300.682930295,62308.406272219996,0.0,0.0
3,6,2.0,Developable,5.0,0.0,0.0,4.437524499527999,0.0,0.0,0.0,0.0
3,6,2.0,Redevelopable,70.0,0.0,65.23513069033297,19.68338286149999,188247.849341102,0.0,19.68338286149999,0.0
3,6,2.0,Remain,247.0,0.0,228.05790018595684,55.84673013845685,720600.290927541,0.0,55.84673013845685,0.0
3,6,2.0,Undevelopable,9.0,0.0,0.0,18.084790823145813,0.0,0.0,0.0,0.0
4,6,2.0,Developable,26.0,0.0,0.0,47.923856757995104,0.0,0.0,0.0,0.0
4,6,2.0,Redevelopable,1.0,32.0106886571,0.0,49.8792148256,0.0,31210.4214406,0.0,49.8792148256
4,6,2.0,Undevelopable,18.0,53.9689564329,0.0,26.361189130855696,0.0,52619.7325221,0.0,0.0
5,6,2.0,Developable,82.0,0.0,0.0,11.061768198752798,0.0,0.0,0.0,0.0
5,6,2.0,Redevelopable,203.0,1395.3644787292853,145.6658588354466,45.16343164598456,237386.96577977415,796829.7940436532,13.69926131327128,31.464170332713277
5,6,2.0,Remain,53.0,60.95649191461101,226.230273498689,5.460758709622372,534737.1959967588,42344.782402316996,2.895467749360671,2.5652909602617
5,6,2.0,Undevelopable,13.0,0.245208822477,0.0,12.8604380310424,0.0,155.217184628,0.0,0.0
6,6,2.0,Undevelopable,25.0,4680.7617115899675,0.0,125.60956614454369,0.0,4008347.024051934,0.0,0.0
7,2,4.0,Developable,56.0,0.0,0.0,37.056140248538874,0.0,0.0,0.0,0.0
7,2,4.0,Redevelopable,13.0,0.0,2.9894559618223213,9.100439900093862,10714.260102486109,0.0,9.100439900093862,0.0
7,2,4.0,Remain,16.0,0.0,6.6135948722324365,4.508911631584055,24384.884061597742,0.0,4.508911631584055,0.0
7,2,4.0,Undevelopable,22.0,0.0,0.9994405919637916,13.578357285091597,2932.3586968186496,0.0,0.0,0.0
8,4,2.0,Developable,25.0,0.0,0.0,8.155801985928301,0.0,0.0,0.0,0.0
8,4,2.0,Redevelopable,87.0,445.6081013178779,58.29911021625499,21.4520094922203,68972.71094690001,224746.32569867704,5.581816339122601,15.8701931530977
8,4,2.0,Remain,3.0,0.0,27.993140261795,0.4255079879455,28301.37408143,0.0,0.4255079879455,0.0
8,4,2.0,Undevelopable,31.0,5.820675150531001,0.0,18.112620496690838,0.0,3489.0542522719998,0.0,0.0
8,8,2.0,Developable,6.0,0.0,0.0,0.229941707659425,0.0,0.0,0.0,0.0
8,8,2.0,Redevelopable,9.0,28.667012026276,0.0,1.6112802346710997,0.0,17363.343102027,0.0,1.6112802346710997
8,8,2.0,Undevelopable,34.0,125.086456110497,0.0,6.7842094587860835,0.0,79092.360424918,0.0,0.0
9,6,2.0,Developable,34.0,0.0,0.0,5.951510530305509,0.0,0.0,0.0,0.0
9,6,2.0,Redevelopable,119.0,672.1087661110539,56.64065193848482,38.01765673718217,67825.0485905481,388930.4516113332,6.310859411754864,31.70679732542731
9,6,2.0,Remain,34.0,54.86834468097099,128.18529087287504,4.3590843957196,131349.19747816402,45571.164478227394,2.4707352640569002,1.8883491316627004
9,6,2.0,Undevelopable,42.0,4.754765937748,0.0,17.025310693433212,0.0,4635.896789304,0.0,0.0
10,4,2.0,Developable,41.0,0.0,0.0,59.97587045965879,0.0,0.0,0.0,0.0
10,4,2.0,Redevelopable,7.0,236.43620004269997,259.094143775,20.78613505193,127023.267983,121577.36727743,8.11150046557,12.67463458636
10,4,2.0,Remain,50.0,89.5137672183,312.564520791819,16.29033785649017,336408.45823585516,56662.2146492,13.415988661200167,2.87434919529
10,4,2.0,Undevelopable,21.0,0.0,0.0,19.662909767598098,0.0,0.0,0.0,0.0
10,8,2.0,Developable,149.0,0.0,0.0,152.2086293203568,0.0,0.0,0.0,0.0
10,8,2.0,Redevelopable,93.0,1999.2368500178131,98.38656557794428,81.2045903744883,67107.9045965809,1231210.96061786,14.221037716852617,66.98355265763567
10,8,2.0,Remain,233.0,433.33640493552,399.88162593650947,42.23796001136234,625301.8616010457,298480.9360184499,22.27310937508637,19.964850636276
10,8,2.0,Undevelopable,76.0,0.0,4.4903729952989995,106.66961963222674,7516.2192985599995,0.0,0.0,0.0
11,6,2.0,Developable,2.0,0.0,0.0,0.24252234616766,0.0,0.0,0.0,0.0
11,6,2.0,Remain,4.0,0.0,142.1497355631,6.182215309933,149689.52148676,0.0,6.182215309933,0.0
11,6,2.0,Undevelopable,8.0,0.0,0.0,1.79695341744756,0.0,0.0,0.0,0.0
12,8,1.0,Developable,13.0,0.0,0.0,2.5964652454589,0.0,0.0,0.0,0.0
12,8,1.0,Redevelopable,87.0,320.2755111346838,80.90966564039023,20.381940946965123,62015.23256020629,170414.0252629243,9.118232259488126,11.263708687476994
12,8,1.0,Remain,27.0,172.8468994992316,42.43893791682062,3.6906876483430024,26258.517921054794,90402.30198810954,1.966175551943874,1.7245120963991278
12,8,1.0,Undevelopable,6.0,25.685893532,0.0,5.52041007646,0.0,11159.28306403,0.0,0.0
13,8,1.0,Developable,62.0,0.0,0.0,10.663037979888681,0.0,0.0,0.0,0.0
13,8,1.0,Redevelopable,160.0,1579.6597654185812,92.92549827652707,39.206568765363514,141299.75212624087,848159.5422439865,14.366598850804227,24.839969914559255
13,8,1.0,Remain,51.0,847.3206721661699,63.94871448173679,11.390037034543187,58166.39954029842,558566.178724101,2.813325053240585,8.5767119813026
13,8,1.0,Undevelopable,9.0,196.8422477569,0.0,9.3523328888845,0.0,69302.458886859,0.0,0.0
16,8,2.0,Developable,5.0,0.0,0.0,0.34927443080629994,0.0,0.0,0.0,0.0
16,8,2.0,Redevelopable,16.0,18.8686259449,2.3437190696787518,1.4968171420143628,5487.1375887866125,3600.02283837,0.9440399766603627,0.552777165354
16,8,2.0,Remain,17.0,0.0,9.84200535592029,2.5674390498171493,39930.35659738878,0.0,2.5674390498171493,0.0
16,8,2.0,Undevelopable,40.0,8.74580607204,10.9927068324,61.2117103291487,21682.488795105004,3061.03212521,0.0,0.0
17,8,1.0,Developable,48.0,0.0,0.0,34.26680485641811,0.0,0.0,0.0,0.0
17,8,1.0,Redevelopable,122.0,55.87233951698,95.39905357822353,36.688317740836155,124905.69729807934,34801.69056409,27.922197013989123,8.766120726847001
17,8,1.0,Remain,59.0,177.81971350813856,42.6704138427376,14.253070993646935,71907.73993612203,109867.1345778119,8.894800334480136,5.358270659166801
17,8,1.0,Undevelopable,47.0,52.9531480239,0.0,14.541590097195972,0.0,33519.3426991,0.0,0.0
18,6,2.0,Developable,63.0,0.0,0.0,9.477637081549071,0.0,0.0,0.0,0.0
18,6,2.0,Redevelopable,827.0,1045.3058362185236,887.5983523033045,150.4946201561695,1320245.6289355543,610346.0340398932,102.53869878715616,47.9559213690133
18,6,2.0,Remain,83.0,41.30825995127,262.9590060470416,13.46767572311493,300444.27513209905,27936.790521453,12.207197801301932,1.260477921813
18,6,2.0,Undevelopable,33.0,4.041620119726,0.0,46.49968139624833,0.0,1414.567041901,0.0,0.0
19,2,1.0,Developable,52.0,0.0,0.0,79.67180503560137,0.0,0.0,0.0,0.0
19,2,1.0,Redevelopable,28.0,303.53923069492004,20.031938856215888,27.77854216906427,22511.707966617123,294227.39811271604,5.742862607242565,22.035679561821702
19,2,1.0,Remain,1.0,0.0,104.20932188,7.10024594974,132586.359829,0.0,7.10024594974,0.0
19,2,1.0,Undevelopable,5.0,0.0,0.0,6.295731449093,0.0,0.0,0.0,0.0
20,8,2.0,Developable,17.0,0.0,0.0,2.1342758529523693,0.0,0.0,0.0,0.0
20,8,2.0,Redevelopable,124.0,1007.5624239902772,75.51682650749622,40.52987969941812,139713.85685937703,612891.5938186605,16.051949406130543,24.477930293287567
20,8,2.0,Remain,38.0,73.25552988984,28.00917260284184,6.7445674956209345,77203.3972422295,44480.24013378,4.925411381524936,1.819156114096
20,8,2.0,Undevelopable,14.0,38.9741580516,0.0,6.187988434915003,0.0,14576.3351113,0.0,0.0
21,8,2.0,Developable,10.0,0.0,0.0,1.1563642140051722,0.0,0.0,0.0,0.0
21,8,2.0,Redevelopable,60.0,302.42449778974003,47.178252767245894,13.44798826685486,78784.26567617411,178003.13353205,8.329704212713361,5.1182840541415
21,8,2.0,Remain,74.0,256.1531737311,50.46846234938467,7.770261409413089,116145.24315680724,152790.19323855996,4.591644733335102,3.17861667607799
21,8,2.0,Undevelopable,22.0,69.10014450906,2.173230345882,8.56353565193905,5805.19849517,43339.84210781,0.0,0.0
22,6,2.0,Developable,5.0,0.0,0.0,4.9701966098406,0.0,0.0,0.0,0.0
22,6,2.0,Redevelopable,3.0,0.0,2.628667772869,9.099548310883,5906.43672178,0.0,9.099548310883,0.0
22,6,2.0,Remain,346.0,0.0,362.50473505677934,68.34956604907624,1001020.203749451,0.0,68.34956604907624,0.0
22,6,2.0,Undevelopable,5.0,0.0,0.0,14.231501905889,0.0,0.0,0.0,0.0
23,8,4.0,Developable,412.0,0.0,0.0,409.6136153042531,0.0,0.0,0.0,0.0
23,8,4.0,Redevelopable,12.0,21.79320670258,6.996232127952107,20.94102320232308,20962.671111069143,8150.6593067799995,20.31522337394108,0.625799828382
23,8,4.0,Remain,224.0,273.52166386781346,116.21501286973731,43.7267329373838,314636.15283495525,148269.835109667,25.475365977364962,18.25136696001882
23,8,4.0,Undevelopable,97.0,10.00464238342,39.413736232120044,37.33595460964898,61494.67905533968,3805.817221017,0.0,0.0
24,4,2.0,Developable,76.0,0.0,0.0,112.59656532112916,0.0,0.0,0.0,0.0
24,4,2.0,Remain,16.0,27.984095761760003,10.3018194116597,5.223466215751102,28107.4188958652,17713.93261716,0.9411814203711,4.282284795380001
24,4,2.0,Undevelopable,12.0,0.0,0.0,6.082046866163171,0.0,0.0,0.0,0.0
24,8,2.0,Developable,141.0,0.0,0.0,248.8207747369998,0.0,0.0,0.0,0.0
24,8,2.0,Remain,42.0,8.82881995787,54.27557909101619,5.501932527722839,122715.33860852908,5352.801589701,4.28172270082424,1.2202098268986
24,8,2.0,Undevelopable,91.0,0.0,0.0,116.4081048602511,0.0,0.0,0.0,0.0
25,6,2.0,Developable,25.0,0.0,0.0,29.11471153373688,0.0,0.0,0.0,0.0
25,6,2.0,Redevelopable,32.0,876.40684897347,40.81231589110377,34.30302219387001,46349.43244303025,554765.5354011899,4.8893674966130085,29.413654697257
25,6,2.0,Remain,14.0,289.8805309181,500.9483141165676,31.32535621345199,602998.252804273,163564.72693932,21.17608979179099,10.149266421661
25,6,2.0,Undevelopable,13.0,55.0515391055,0.0,16.001483395080903,0.0,34847.6242538,0.0,0.0
26,0,1.0,Developable,26.0,0.0,0.0,53.1117283967013,0.0,0.0,0.0,0.0
26,0,1.0,Redevelopable,36.0,97.6646306022074,58.12439400007245,7.103395513779675,64850.40379171738,53700.4603573948,4.752051482012754,2.35134403176692
26,0,1.0,Remain,2.0,0.0,34.89355000938,2.476850362166,42902.35129801,0.0,2.476850362166,0.0
26,0,1.0,Undevelopable,5.0,0.0,0.0,6.50158366435163,0.0,0.0,0.0,0.0
26,8,1.0,Developable,95.0,0.0,0.0,28.406352423306927,0.0,0.0,0.0,0.0
26,8,1.0,Redevelopable,319.0,1536.645708411348,414.0178030432203,107.15463499193842,358031.4858056054,865084.7508921729,58.52898740073712,48.62564759120121
26,8,1.0,Remain,228.0,582.81060949051,277.85386257629165,42.26712159233066,353825.86412173114,299110.00424597994,15.374859785974675,26.892261806356004
26,8,1.0,Undevelopable,58.0,1294.1490113545842,5.235316909599,43.29000134128465,6818.4326544549995,744887.4001858681,0.0,0.0
27,3,4.0,Developable,230.0,0.0,0.0,22.64216647759167,0.0,0.0,0.0,0.0
27,3,4.0,Redevelopable,697.0,1508.956445081428,421.0448653793292,80.05080103766366,339670.98599865515,1016171.7676920667,30.609129933250088,49.441671104413366
27,3,4.0,Remain,157.0,121.88834464954653,100.19009426529902,6.106834031720696,134208.83086251176,52697.805745466874,3.1458506268314683,2.960983404889232
27,3,4.0,Undevelopable,34.0,0.22432535373773,0.00255162411592,0.9118797079343688,3.12148683514,218.7172198949857,0.0,0.0
27,10,4.0,Developable,5254.0,0.0,0.0,191.94761267690328,0.0,0.0,0.0,0.0
27,10,4.0,Redevelopable,5427.0,20178.3481488957,4927.615287973777,617.965396334677,3918545.1617655195,9899363.405482119,306.1896784908569,311.7757178438212
27,10,4.0,Remain,2857.0,5137.191608297443,4432.165765058578,180.79815932749713,3322053.510316969,2970110.88583231,103.7701061576161,77.02805316988122
27,10,4.0,Undevelopable,638.0,9542.23915986179,428.66487256887996,291.42870950615304,279129.95453157165,4929879.554197355,0.0,0.0
28,8,2.0,Developable,121.0,0.0,0.0,38.38286717626195,0.0,0.0,0.0,0.0
28,8,2.0,Redevelopable,225.0,647.730563986847,146.843079300361,105.71221531707198,304028.94466916093,294372.56635088805,76.43817961432296,29.274035702749003
28,8,2.0,Remain,156.0,1196.66922040538,105.01683014379621,46.18573895849544,234033.84203406406,585628.2231506199,15.392424123675331,30.793314834820094
28,8,2.0,Undevelopable,38.0,0.608460225673,3.99765277521,15.699605480974444,5996.47916282,385.155322851,0.0,0.0
29,4,2.0,Developable,75.0,0.0,0.0,17.793134650178196,0.0,0.0,0.0,0.0
29,4,2.0,Redevelopable,181.0,2024.8236995370285,26.0570355344176,73.47511366894057,34364.7639463164,1484848.9929813186,2.1019066906698405,71.37320697827067
29,4,2.0,Remain,167.0,749.0123807621201,116.91847227968701,12.537863459300596,105496.49985447398,356632.46385846497,0.2820476524159061,12.25581580688469
29,4,2.0,Undevelopable,24.0,57.43659569385,0.0,15.253584613115168,0.0,37282.3178861,0.0,0.0
29,8,2.0,Developable,25.0,0.0,0.0,5.699079555868985,0.0,0.0,0.0,0.0
29,8,2.0,Redevelopable,58.0,2491.161788921786,13.856294376323001,30.454635737360668,17439.558305792,1594294.517043177,2.3582812649075997,28.096354472453072
29,8,2.0,Remain,2.0,380.6127526448,0.0,6.0767168123465,0.0,145584.28212014,0.0,6.0767168123465
29,8,2.0,Undevelopable,12.0,0.0,0.0,2.8725127271668702,0.0,0.0,0.0,0.0
30,8,4.0,Developable,484.0,0.0,0.0,139.3650905632328,0.0,0.0,0.0,0.0
30,8,4.0,Redevelopable,652.0,1663.0638309961475,459.1703329083693,103.99736985592921,620531.0537379949,683744.3571352651,64.14920901389719,39.84816084203211
30,8,4.0,Remain,262.0,864.6430769031122,129.1982388808153,64.58399380873473,236143.14662303365,456968.58834033326,13.374613689794817,51.20938011893993
30,8,4.0,Undevelopable,150.0,25.844258528463538,48.304528868042524,23.20582504162999,76761.16439812689,9045.490484962289,0.0,0.0
31,4,2.0,Developable,33.0,0.0,0.0,24.001087430744214,0.0,0.0,0.0,0.0
31,4,2.0,Redevelopable,29.0,467.91695904450006,7.1240294043354195,19.055771887516375,21470.364676467398,422201.57204433996,9.80185366113248,9.253918226383899
31,4,2.0,Remain,19.0,474.73818072222,10.287616393713899,10.81812224604853,24046.573909231705,236591.87672299,1.07671758604553,9.741404660003
31,4,2.0,Undevelopable,17.0,18.4808184161,0.237864658033,21.678362715763257,589.572332582,6911.8260876,0.0,0.0
31,8,2.0,Developable,20.0,0.0,0.0,5.433559565889359,0.0,0.0,0.0,0.0
31,8,2.0,Redevelopable,41.0,383.13224761595603,17.34372365156,16.661044870557596,35488.0288907039,180967.502905139,7.5669571959432,9.0940876746144
31,8,2.0,Remain,5.0,83.541841734513,0.999391040988,1.6234431957893,3779.69691702,51191.756713332,0.498992469425,1.1244507263643
31,8,2.0,Undevelopable,5.0,0.0,0.0,8.6515949134667,0.0,0.0,0.0,0.0
32,2,2.0,Developable,22.0,0.0,0.0,9.065799404550098,0.0,0.0,0.0,0.0
32,2,2.0,Redevelopable,51.0,25.0725777036,45.11146357598339,43.81882291286419,173321.88015501003,24445.763261,40.91832454468419,2.90049836818
32,2,2.0,Remain,50.0,0.0,38.26289072654563,9.549095652512227,102190.9570510358,0.0,9.549095652512227,0.0
32,2,2.0,Undevelopable,8.0,0.0,0.0,6.044658835353159,0.0,0.0,0.0,0.0
33,6,2.0,Developable,17.0,0.0,0.0,6.992999279099889,0.0,0.0,0.0,0.0
33,6,2.0,Redevelopable,16.0,302.38436910108,5.679320627424383,10.430333933703654,21762.559728774046,135033.88827144998,3.7881029345966537,6.642230999107
33,6,2.0,Remain,50.0,567.0305929567,36.796994568796116,18.34851248861048,89681.45252625104,298492.9482612,3.87546719155548,14.473045297055002
33,6,2.0,Undevelopable,9.0,10.5013754259,0.761521999473,5.808671643149701,1887.51160116,3927.51440928,0.0,0.0
34,8,4.0,Developable,507.0,0.0,0.0,339.27856778196843,0.0,0.0,0.0,0.0
34,8,4.0,Redevelopable,7.0,0.0,4.997592574377122,1.6915521542744099,15684.418368746583,0.0,1.6915521542744099,0.0
34,8,4.0,Remain,383.0,0.0,236.2565348778043,46.27171703689859,644531.842699488,0.0,46.27171703689859,0.0
34,8,4.0,Undevelopable,107.0,220.89272757106772,0.0,89.09852662118642,0.0,77312.45464982871,0.0,0.0
35,0,1.0,Developable,7.0,0.0,0.0,6.740569243773601,0.0,0.0,0.0,0.0
35,0,1.0,Redevelopable,1.0,83.9319517921,0.0,6.80392578363,0.0,81833.6529973,0.0,6.80392578363
35,0,1.0,Remain,1.0,0.0,7.76997829579,0.529403281097,9885.80598745,0.0,0.529403281097,0.0
35,0,1.0,Undevelopable,1.0,0.0,0.0,0.0527334940749,0.0,0.0,0.0,0.0
35,8,1.0,Developable,151.0,0.0,0.0,120.31180087335822,0.0,0.0,0.0,0.0
35,8,1.0,Redevelopable,572.0,1793.99467523135,524.4316140882188,236.51978072170778,650302.1362357746,1034916.2486710364,91.5565077790497,144.96327294265808
35,8,1.0,Remain,132.0,2925.3246728318427,505.71502843168605,89.6012473176234,562518.9518059412,2102969.11498641,35.39514502583157,54.20610229179185
35,8,1.0,Undevelopable,57.0,6.99376451748,0.0,31.096468943987126,0.0,2447.81758112,0.0,0.0
36,0,1.0,Developable,1.0,0.0,0.0,0.240442975414,0.0,0.0,0.0,0.0
36,0,1.0,Undevelopable,1.0,0.0,0.0,0.677584142647,0.0,0.0,0.0,0.0
36,8,1.0,Developable,40.0,0.0,0.0,72.52008982345627,0.0,0.0,0.0,0.0
36,8,1.0,Redevelopable,13.0,40.53535321681064,2.6668104180407397,22.811644977214755,4287.2920827506005,19121.509036253046,4.0612368885733,18.750408088641453
36,8,1.0,Remain,5.0,28.458812237630998,0.0151839754797585,2.45197023810708,18.296690453099398,16280.108415599,0.0037169273060799397,2.448253310801
36,8,1.0,Undevelopable,13.0,0.0,0.0,2.6624731267868325,0.0,0.0,0.0,0.0
37,7,2.0,Developable,42.0,0.0,0.0,11.84974098014935,0.0,0.0,0.0,0.0
37,7,2.0,Redevelopable,162.0,2358.3514334899605,173.0915847217069,73.41883723509767,241762.99885175223,965148.432227346,26.571204987751287,46.84763224734641
37,7,2.0,Remain,34.0,745.63393360701,33.613708299878994,11.91519480565273,25492.909759412996,317142.86490498995,0.9844111816052299,10.9307836240475
37,7,2.0,Undevelopable,4.0,0.0,224.851120979,1.9860866273148001,473418.53886,0.0,0.0,0.0
37,10,2.0,Developable,28.0,0.0,0.0,14.779804013267889,0.0,0.0,0.0,0.0
37,10,2.0,Redevelopable,219.0,1947.88356776682,372.5271555682779,86.21988340227972,445034.03361690836,776543.77008243,41.691645835827025,44.52823756645271
37,10,2.0,Remain,56.0,11.864677582,245.02861706167434,12.2728694512652,190787.11579499568,7195.425927810999,11.8618339327716,0.4110355184936
37,10,2.0,Undevelopable,12.0,0.0,0.0,4.524736998911441,0.0,0.0,0.0,0.0
38,2,1.0,Developable,8.0,0.0,0.0,12.840786822554078,0.0,0.0,0.0,0.0
38,2,1.0,Redevelopable,1.0,0.500355808969,0.0,0.0242748469256,0.0,175.124533139,0.0,0.0242748469256
38,2,1.0,Undevelopable,31.0,231.359707356,0.0,42.76327363177086,0.0,146450.694756,0.0,0.0
39,6,2.0,Developable,30.0,0.0,0.0,11.567489207399722,0.0,0.0,0.0,0.0
39,6,2.0,Redevelopable,129.0,310.61025158934,88.68777861277505,40.72577431700105,148333.60808255192,262106.73162721997,21.83382300939506,18.891951307606
39,6,2.0,Remain,62.0,165.52270082744002,49.639249816885,16.79124795730397,143376.58724521796,142165.12015344,11.01711724025177,5.774130717052199
39,6,2.0,Undevelopable,19.0,0.0,0.0,14.14439662884178,0.0,0.0,0.0,0.0
40,8,3.0,Developable,146.0,0.0,0.0,26.32173801960237,0.0,0.0,0.0,0.0
40,8,3.0,Redevelopable,619.0,1998.3226401683753,567.2621342631234,187.32886803312553,533473.3926142247,887864.2434990694,80.96396758988902,106.3649004432365
40,8,3.0,Remain,142.0,610.818291652808,413.3322543255145,45.129067535021335,257472.92554135664,312978.53074512794,28.437500915551542,16.691566619469803
40,8,3.0,Undevelopable,43.0,15.983376018997,1.997906001729,13.034215793772791,3618.2064087199997,7855.832834646999,0.0,0.0
41,8,3.0,Developable,160.0,0.0,0.0,59.24459018237229,0.0,0.0,0.0,0.0
41,8,3.0,Redevelopable,136.0,287.5264983132665,74.3348670889107,69.9684769642377,100805.13136502336,196264.45786498528,54.270964283929366,15.69751268030834
41,8,3.0,Remain,70.0,260.51163201135205,75.00305630729623,35.89757005988219,119722.48492459115,164369.42067163935,14.396723834499369,21.50084622538284
41,8,3.0,Undevelopable,45.0,12.817325909735999,4.78202205470721,35.069633789662014,6409.12337315809,5424.133196221201,0.0,0.0
42,8,3.0,Developable,37.0,0.0,0.0,13.7523565925133,0.0,0.0,0.0,0.0
42,8,3.0,Redevelopable,104.0,265.746843161907,155.04885398007738,52.16604603995823,93690.85865230982,142636.2815742047,32.4153156081693,19.750730431788895
42,8,3.0,Remain,51.0,408.083989564057,93.6159204182681,21.96663789523678,61071.473115273795,176028.93551545203,10.90904585329445,11.05759204194233
42,8,3.0,Undevelopable,5.0,126.8989085245,0.661577508767,4.5393045690500005,1301.98453725,76432.75177365,0.0,0.0
44,8,2.0,Developable,13.0,0.0,0.0,24.3126063700867,0.0,0.0,0.0,0.0
44,8,2.0,Redevelopable,2.0,0.0,0.09927712519689999,0.055998793560399995,486.552608232,0.0,0.055998793560399995,0.0
44,8,2.0,Undevelopable,287.0,0.0,0.0572549876353,821.3171930919759,245.452131993,0.0,0.0,0.0
45,8,2.0,Developable,64.0,0.0,0.0,101.08315497772602,0.0,0.0,0.0,0.0
45,8,2.0,Undevelopable,17.0,0.0,0.0,16.314801396225597,0.0,0.0,0.0,0.0
46,8,2.0,Developable,122.0,0.0,0.0,236.68778056340355,0.0,0.0,0.0,0.0
46,8,2.0,Redevelopable,9.0,38.593002453720004,5.280232080265,32.699103738128,16769.799407425002,21352.94396257,2.310062612967,30.389041125161
46,8,2.0,Remain,365.0,445.53283306053004,476.4561831862852,63.69396706181217,979502.7384103555,161596.35187896,47.05879229518516,16.635174766627
46,8,2.0,Undevelopable,35.0,0.0,1.998895842746,11.191547224723777,3594.01502763,0.0,0.0,0.0
47,8,2.0,Developable,69.0,0.0,0.0,109.63593498513637,0.0,0.0,0.0,0.0
47,8,2.0,Redevelopable,3.0,22.061871568,1.113055595307,13.870410221511799,2605.814552497,7721.65504881,0.3516546718118,13.5187555497
47,8,2.0,Remain,8.0,0.0,1.5270870926049,0.28645072889593,3370.4937692542,0.0,0.28645072889593,0.0
47,8,2.0,Undevelopable,11.0,0.0,0.0,28.18687760482986,0.0,0.0,0.0,0.0
48,8,4.0,Developable,930.0,0.0,0.0,48.98613691512247,0.0,0.0,0.0,0.0
48,8,4.0,Redevelopable,1443.0,3428.5573751667744,712.9066754345771,207.8381449296801,946378.7749981901,1841146.948550497,114.45317891904098,93.38496601063918
48,8,4.0,Remain,1442.0,285.9517616731154,1932.9697191458758,136.93252505596894,1933959.3921933472,158550.33735380514,127.20574413463557,9.726780921333173
48,8,4.0,Undevelopable,155.0,37.4242190238603,33.41080120992708,32.63061905028469,26234.381837743287,13123.077475935748,0.0,0.0
49,6,2.0,Developable,59.0,0.0,0.0,70.24114853429235,0.0,0.0,0.0,0.0
49,6,2.0,Redevelopable,6.0,149.7412152376,0.20846416469249998,7.8762618651465015,245.9078535144,56003.214498889996,0.34003610216549995,7.536225762981001
49,6,2.0,Remain,3.0,5.99623147174,2.17683472605,1.466330158587,3087.74866507,5846.32568494,0.105826005444,1.360504153143
49,6,2.0,Undevelopable,18.0,9.9937185096,0.0,16.1281770799594,0.0,3497.80147836,0.0,0.0
50,6,2.0,Developable,36.0,0.0,0.0,7.9501945709899795,0.0,0.0,0.0,0.0
50,6,2.0,Redevelopable,270.0,300.16745741975,272.911137653314,56.08620807603887,412240.50817711564,170431.76430848902,45.961241007179076,10.124967068859801
50,6,2.0,Remain,51.0,28.7597234881,55.58453890458499,6.7511550268437786,82699.23964593101,26749.47854625,5.676890975062379,1.0742640517814
50,6,2.0,Undevelopable,26.0,0.0,0.0,14.428386479369498,0.0,0.0,0.0,0.0
51,8,2.0,Developable,67.0,0.0,0.0,12.815732108256649,0.0,0.0,0.0,0.0
51,8,2.0,Redevelopable,367.0,2282.3134233209457,291.8654984244478,118.62602638808572,317138.3527653118,1156738.307435506,17.156100169393667,101.46992621869208
51,8,2.0,Remain,74.0,322.95737346550004,77.38728872643827,8.556661388071857,115674.13456054238,172594.99074985998,2.5944523756338596,5.962209012437999
51,8,2.0,Undevelopable,32.0,94.958521467673,0.0,17.888104662631225,0.0,54263.4481518782,0.0,0.0
52,8,2.0,Developable,166.0,0.0,0.0,285.38775643072205,0.0,0.0,0.0,0.0
52,8,2.0,Redevelopable,30.0,344.633855207564,7.923341112887,68.870831861112,21284.62734312,229976.424144098,30.49753630451,38.373295556602
52,8,2.0,Remain,74.0,1167.32456598379,85.94225135786901,75.48509629253888,224083.28800745003,909062.9939306399,24.126125167980003,51.358971124558906
52,8,2.0,Undevelopable,58.0,48.98885611315,698.1289920575,343.5936901946318,1786865.9950390002,42756.31136316,0.0,0.0
53,6,2.0,Developable,33.0,0.0,0.0,12.834115755108321,0.0,0.0,0.0,0.0
53,6,2.0,Redevelopable,135.0,167.47832455062334,106.71031755404151,23.052242791566062,128747.50244355155,94541.7080462026,12.582336879680206,10.469905911885858
53,6,2.0,Remain,10.0,5.977648889416,22.880138782803996,2.9191451632132996,16372.118335479,3783.851747,2.6200813836134995,0.2990637795998
53,6,2.0,Undevelopable,54.0,65.37526515879,0.999284476424,45.61614094026591,1420.46482417,22881.342805582,0.0,0.0
54,4,2.0,Developable,5.0,0.0,0.0,5.190114461456,0.0,0.0,0.0,0.0
54,8,2.0,Developable,48.0,0.0,0.0,195.51787815097705,0.0,0.0,0.0,0.0
54,8,2.0,Redevelopable,1.0,0.0,0.00124701463722,0.000400045613622,0.95646022675,0.0,0.000400045613622,0.0
54,8,2.0,Undevelopable,1.0,0.0,0.0,1.31996824941,0.0,0.0,0.0,0.0
55,8,2.0,Developable,72.0,0.0,0.0,86.91344895664692,0.0,0.0,0.0,0.0
55,8,2.0,Redevelopable,127.0,1968.79259851139,159.94421630769386,115.49912963455981,282663.26026162994,732988.5153920499,33.29181842383973,82.20731121072
55,8,2.0,Remain,218.0,3934.535225310569,397.7131616668022,134.57182883114936,463478.37345027697,1975724.6824805355,36.71039926060329,97.86142957054604
55,8,2.0,Undevelopable,24.0,7.31017942521,0.0,82.94055641162419,0.0,2558.56279883,0.0,0.0
56,4,2.0,Developable,42.0,0.0,0.0,36.4058197682916,0.0,0.0,0.0,0.0
56,4,2.0,Redevelopable,45.0,124.6421990137934,28.673873802884273,20.138521399922894,65037.136848564536,108393.9831461044,6.540851253836095,13.597670146086802
56,4,2.0,Remain,4.0,125.2427392146,0.96654967513,2.8986504435767,1840.31058145,91280.127873795,0.0956196865577,2.803030757019
56,4,2.0,Undevelopable,15.0,0.853851749278,0.0,15.265465295467699,0.0,540.488157293,0.0,0.0
56,8,2.0,Developable,34.0,0.0,0.0,16.40520218701695,0.0,0.0,0.0,0.0
56,8,2.0,Redevelopable,17.0,46.3026270347,13.629349931609802,11.79514765708911,38546.9126299445,29309.5629129,8.669290877179112,3.12585677991
56,8,2.0,Remain,126.0,0.0,114.54325553049603,9.099965670036068,188699.02847869066,0.0,9.099965670036068,0.0
56,8,2.0,Undevelopable,12.0,128.45648177727298,0.0868941089781,13.573602431466,209.241014419,81312.952964963,0.0,0.0
57,6,2.0,Developable,23.0,0.0,0.0,9.65155412456754,0.0,0.0,0.0,0.0
57,6,2.0,Redevelopable,33.0,158.098221742557,3.7788686261518003,14.920776377024598,6833.744914386,123399.86661197802,2.1343062024819,12.7864701745427
57,6,2.0,Remain,43.0,34.6601220568,34.7514641019883,8.600365788767531,71823.7216289685,12131.042719860001,6.775735778475531,1.8246300102920001
57,6,2.0,Undevelopable,15.0,0.0,0.0,9.96158247535374,0.0,0.0,0.0,0.0
59,8,2.0,Developable,29.0,0.0,0.0,7.341857695006113,0.0,0.0,0.0,0.0
59,8,2.0,Redevelopable,253.0,866.5057505725501,200.32210020594053,68.40577796471713,276394.7975957385,396776.6664652319,31.449289713784548,36.9564882509326
59,8,2.0,Remain,8.0,31.97985646908,38.6587298336098,3.8565761682554,16232.228147572001,11432.79894039,1.6671607983934,2.189415369862
59,8,2.0,Undevelopable,10.0,2.28224981118,0.0,21.388412782937813,0.0,798.7874339130001,0.0,0.0
61,6,2.0,Developable,31.0,0.0,0.0,28.412651076680635,0.0,0.0,0.0,0.0
61,6,2.0,Redevelopable,52.0,45.9718220935,47.722983176702215,41.54093091849952,118281.59230445999,29100.16338518,40.401554969320514,1.139375949179
61,6,2.0,Remain,226.0,110.00141755714401,216.75834282115903,19.30066794389579,477601.1824789052,69630.89731365,17.11341334603899,2.1872545978568
61,6,2.0,Undevelopable,24.0,8.99448286962,2.00855269086572,21.330266431205263,4906.6884003607,3148.06900437,0.0,0.0
62,2,1.0,Developable,12.0,0.0,0.0,3.89938916210901,0.0,0.0,0.0,0.0
62,2,1.0,Redevelopable,66.0,3.21746318118,48.1157110130374,11.30956074637063,50513.43258707457,1203.33122976,10.961895068383631,0.347665677987
62,2,1.0,Remain,9.0,42.0779865966,2.9121878021272396,3.5961805921844965,4202.42346705672,26635.3655157,0.483211764134496,3.11296882805
62,2,1.0,Undevelopable,10.0,0.0,0.0,2.7022544927061998,0.0,0.0,0.0,0.0
63,3,1.0,Developable,93.0,0.0,0.0,64.032302440152,0.0,0.0,0.0,0.0
63,3,1.0,Redevelopable,179.0,439.3555663080836,109.07488388904152,43.68091906551393,140560.7119277109,256543.76826272914,25.426007527874972,18.254911537638908
63,3,1.0,Remain,34.0,127.60876251558841,427.93687134415507,8.795936101474842,294449.9288755738,79223.7308293381,5.388358420907019,3.4075776805678233
63,3,1.0,Undevelopable,38.0,27.842792647289997,0.0,25.871217472422238,0.0,13401.703876509,0.0,0.0
63,10,1.0,Developable,51.0,0.0,0.0,18.085107300107826,0.0,0.0,0.0,0.0
63,10,1.0,Redevelopable,310.0,673.8264469197451,254.3210443978007,83.34000682624261,282388.2270680024,399138.5691637614,52.65796582997185,30.68204099627075
63,10,1.0,Remain,47.0,35.302997338705,245.31282130357968,14.45959891605149,176272.4312342079,19455.672798011,13.78822472742277,0.67137418862872
63,10,1.0,Undevelopable,40.0,247.887465465906,0.0,72.09571421998396,0.0,94408.21091476,0.0,0.0
64,8,1.0,Developable,33.0,0.0,0.0,11.962994623167107,0.0,0.0,0.0,0.0
64,8,1.0,Redevelopable,81.0,324.30839060536124,102.0842344846963,30.07745336740989,72223.25116929965,133447.00333725053,9.73264305898664,20.344810308423256
64,8,1.0,Remain,10.0,54.284825805821,108.26986995677099,9.214339928016399,100814.58781885898,26308.497979852,5.969656169848,3.2446837581684
64,8,1.0,Undevelopable,3.0,0.431549221644,0.828542178602,1.4987982368856,1096.16130229,151.042227575,0.0,0.0
65,10,1.0,Developable,261.0,0.0,0.0,225.3000750539711,0.0,0.0,0.0,0.0
65,10,1.0,Redevelopable,1177.0,5719.066005911559,983.9257130889761,502.24993911809554,1143290.382427588,2628455.6855808203,182.1835639578543,320.06637516024074
65,10,1.0,Remain,770.0,7791.306430828026,3205.319525475385,290.36108599580206,2688615.169940798,3836253.8273527096,174.34907871616844,116.01200727963372
65,10,1.0,Undevelopable,168.0,3916.2703584044557,0.999103307783,289.3267495675189,977.950081341,1467939.0284531128,0.0,0.0
66,2,4.0,Developable,17.0,0.0,0.0,2.9293688707186556,0.0,0.0,0.0,0.0
66,2,4.0,Redevelopable,2.0,0.0,0.9973250112026565,1.249473490551244,7661.450736062334,0.0,1.249473490551244,0.0
66,2,4.0,Remain,136.0,0.0,90.0009309298546,14.756978539266234,345803.4953948726,0.0,14.756978539266234,0.0
66,2,4.0,Undevelopable,23.0,0.8538501342934949,0.288316345705,35.00530201913801,1078.01481659,600.147763624744,0.0,0.0
67,6,2.0,Developable,28.0,0.0,0.0,1.9689927683066564,0.0,0.0,0.0,0.0
67,6,2.0,Redevelopable,35.0,238.34116240756003,3.7273106605229,17.024637584241987,4025.4955133680996,206958.13127023837,0.6925846269442,16.33205295729778
67,6,2.0,Remain,14.0,184.8549656821857,209.779568501,10.58843678069178,271053.372387,147263.7773347511,4.75669435847,5.8317424222217795
67,6,2.0,Undevelopable,10.0,0.0,0.0,5.1583070346710995,0.0,0.0,0.0,0.0
68,4,2.0,Developable,49.0,0.0,0.0,12.657615080408629,0.0,0.0,0.0,0.0
68,4,2.0,Redevelopable,43.0,604.9072093491694,5.251605130650001,34.47371602715079,8598.744166815999,464035.12971428485,2.8031943659473,31.67052166120349
68,4,2.0,Remain,186.0,56.251593784170005,331.7020324609227,9.021048875627498,494005.217368355,44983.394152040004,6.838841084705499,2.182207790922
68,4,2.0,Undevelopable,17.0,66.59742259256,42.01087054765,14.565251340529702,85253.21534836,41161.3431696,0.0,0.0
68,8,2.0,Developable,46.0,0.0,0.0,20.131822310203418,0.0,0.0,0.0,0.0
68,8,2.0,Redevelopable,61.0,776.7573738191018,43.526311782899995,26.141625498955428,39439.583492456,482633.26450281683,4.641020036855001,21.500605462100424
68,8,2.0,Remain,21.0,214.88959710017804,120.4699895883057,11.652889732320036,164766.32035626547,121304.8988699724,6.407612080186034,5.245277652134
68,8,2.0,Undevelopable,21.0,173.2398096819,7.9551815830736,17.28723113059308,17479.990347542,99908.9310787,0.0,0.0
69,0,4.0,Developable,145.0,0.0,0.0,44.46767115930372,0.0,0.0,0.0,0.0
69,0,4.0,Redevelopable,24.0,23.294528593512382,5.2462817129120864,10.534266889109691,11190.789904906407,10514.126134563925,4.905293403205155,5.628973485904533
69,0,4.0,Remain,24.0,427.9179128008747,0.5397618741588349,15.332073105438472,1108.0566557811362,158122.05164484333,0.7653788071148209,14.566694298323652
69,0,4.0,Undevelopable,34.0,0.0,0.0,29.396535144775303,0.0,0.0,0.0,0.0
69,8,4.0,Developable,220.0,0.0,0.0,65.14067592369165,0.0,0.0,0.0,0.0
69,8,4.0,Redevelopable,266.0,2325.3871427485874,142.63254664573842,118.52994177869459,84940.88860912622,954279.6424587853,21.60008478209083,96.92985699660387
69,8,4.0,Remain,308.0,2764.6869121215273,58.884630780692966,104.31917741978252,86986.88083308791,1079693.4502678984,7.108739346061618,97.2104380737209
69,8,4.0,Undevelopable,142.0,11.866034302601644,2.998274728540985,24.2337608824265,5089.071639245309,7751.35838151065,0.0,0.0
70,8,3.0,Developable,145.0,0.0,0.0,56.26980501995788,0.0,0.0,0.0,0.0
70,8,3.0,Redevelopable,147.0,62.401004346410005,133.33430651306008,62.88824554388697,191832.42456138632,29464.752570499997,60.85618406836896,2.032061475518
70,8,3.0,Remain,361.0,537.7612518873515,332.0539901804868,74.41273316397452,494963.125059358,285155.2767491317,49.42852820162516,24.98420496234941
70,8,3.0,Undevelopable,38.0,145.86244509476998,4.540865178944999,41.870663145459034,8191.218533289,51219.69561016,0.0,0.0
71,6,2.0,Developable,49.0,0.0,0.0,11.73794829509837,0.0,0.0,0.0,0.0
71,6,2.0,Redevelopable,277.0,418.8562628085513,203.87163294845936,70.28277599982258,419889.41223022,256795.64504087548,40.73634153254898,29.546434467273617
71,6,2.0,Remain,123.0,0.125478703533,163.73571086412127,7.058052255940808,404303.2485250629,43.9175462365,7.056703090116837,0.00134916582397
71,6,2.0,Undevelopable,18.0,7.99488188496,3.44250666593,14.478806135084227,5807.03552435,5993.163621600001,0.0,0.0
72,6,2.0,Developable,25.0,0.0,0.0,13.723111914745113,0.0,0.0,0.0,0.0
72,6,2.0,Redevelopable,112.0,1031.0132277896319,89.13363311110815,70.94807297757559,234249.47020116492,557532.0879367017,25.460208137602606,45.48786483997297
72,6,2.0,Remain,16.0,455.73643611740596,110.735189885192,19.3222427251827,112166.31067099,296569.88622726605,5.02950249053,14.292740234652701
72,6,2.0,Undevelopable,11.0,0.0,0.0,11.358373302975998,0.0,0.0,0.0,0.0
73,8,2.0,Developable,39.0,0.0,0.0,5.24293504832247,0.0,0.0,0.0,0.0
73,8,2.0,Redevelopable,97.0,255.97758796055405,55.70558183144854,12.917573024473855,61197.46606559416,152859.974186633,6.493836414720784,6.423736609753071
73,8,2.0,Remain,7.0,61.34754537568,2.5357855862909,2.72429380329386,2385.6768071854,40379.993240749995,0.06748433751366,2.6568094657802
73,8,2.0,Undevelopable,4.0,8.99426518606,0.0,0.9459650213974,0.0,3363.85517959,0.0,0.0
74,8,2.0,Developable,85.0,0.0,0.0,24.676619441055898,0.0,0.0,0.0,0.0
74,8,2.0,Redevelopable,933.0,3329.6345390339534,889.8127533852914,228.06763207618658,1734116.3571377678,1539136.2753145145,161.86821165374204,66.19942042244465
74,8,2.0,Remain,216.0,418.70429300715006,313.84519951191754,28.616409649436697,494007.9080744271,261766.15308172998,15.954882165686708,12.66152748375
74,8,2.0,Undevelopable,20.0,155.144114378615,0.0,17.684255298322697,0.0,83994.35593039301,0.0,0.0
75,8,2.0,Developable,63.0,0.0,0.0,32.511187789593414,0.0,0.0,0.0,0.0
75,8,2.0,Redevelopable,220.0,3046.529578301836,129.84668557031128,72.44944734893244,138016.2237418963,1472478.7838758763,10.331011265961578,62.1184360829709
75,8,2.0,Remain,28.0,380.40496242876,189.247645272158,17.100143287240602,157166.21597509,193095.02112929002,5.5786816055776,11.521461681663004
75,8,2.0,Undevelopable,18.0,13.0288691512446,0.999297245767,2.871690325148414,1471.31862547,8236.537680240599,0.0,0.0
76,6,2.0,Developable,112.0,0.0,0.0,16.843573774404113,0.0,0.0,0.0,0.0
76,6,2.0,Redevelopable,200.0,1410.0424353140213,120.75375051646398,68.2252607936475,117651.10085535499,909568.892159137,18.2903589405337,49.93490185311381
76,6,2.0,Remain,90.0,325.67113592591,73.88968095082419,10.807660612751095,93433.62780081964,255079.42547641997,2.247766696208192,8.559893916542899
76,6,2.0,Undevelopable,8.0,0.852644153772,2.14933546447,5.8539453205691006,2798.43477473,831.328049928,0.0,0.0
79,8,2.0,Developable,182.0,0.0,0.0,419.2704250720699,0.0,0.0,0.0,0.0
79,8,2.0,Redevelopable,22.0,10.99383150083,15.671415215937799,28.1419026361663,46625.46093460099,9942.427141670001,24.4673008241893,3.6746018119770003
79,8,2.0,Remain,62.0,376.7871378421,49.51953944887399,16.6690556543555,168122.28781793,173556.86555020002,10.935804000131501,5.7332516542239995
79,8,2.0,Undevelopable,31.0,0.0,0.0,19.449764756062102,0.0,0.0,0.0,0.0
80,3,2.0,Developable,43.0,0.0,0.0,30.76152419042055,0.0,0.0,0.0,0.0
80,3,2.0,Redevelopable,81.0,1716.6429126579897,24.281262623911996,73.54439873429027,43510.802146072005,1029406.6172200969,5.326751935972671,68.2176467983176
80,3,2.0,Remain,4.0,6779.282712498301,0.0,49.958394997739305,0.0,4291285.957014095,0.0,49.958394997739305
80,3,2.0,Undevelopable,24.0,151.9255816871,0.0,40.82968191143734,0.0,68728.59299723,0.0,0.0
80,10,2.0,Developable,160.0,0.0,0.0,52.10286503662758,0.0,0.0,0.0,0.0
80,10,2.0,Redevelopable,340.0,5111.846442625077,244.47237899440046,145.01155113855117,344371.25068634545,2716882.314129069,26.36990899678418,118.64164214176705
80,10,2.0,Remain,80.0,2654.4166397485697,405.054397602155,46.431493266749996,218034.42189251396,1615147.8986758394,2.056176981817,44.37531628493299
80,10,2.0,Undevelopable,77.0,470.35617529871,1.442930106133,57.54849715117164,1739.857241577,210062.96749748001,0.0,0.0
81,2,2.0,Developable,3.0,0.0,0.0,0.93685927444338,0.0,0.0,0.0,0.0
81,2,2.0,Redevelopable,4.0,6.022748446781001,0.000267309039097,0.2490557018215348,0.350709459295,3812.3997668098,5.30451215148e-05,0.24900265670002
82,6,2.0,Developable,52.0,0.0,0.0,36.72381825267004,0.0,0.0,0.0,0.0
82,6,2.0,Redevelopable,61.0,352.601241141781,17.2478271444192,43.07175980392273,19874.480555915598,256042.42432312173,3.9121853656556,39.159574438267136
82,6,2.0,Remain,80.0,106.026218238013,611.4354723572491,15.417551649165631,617001.815067485,49431.11689956501,12.252839678340415,3.16471197082521
82,6,2.0,Undevelopable,26.0,0.0,0.0,12.440282712312516,0.0,0.0,0.0,0.0
83,8,3.0,Developable,20.0,0.0,0.0,12.37990189699132,0.0,0.0,0.0,0.0
83,8,3.0,Redevelopable,28.0,159.82676790685946,12.488132361047999,18.711650718939662,18695.070881827,76712.29573520766,5.769649937284999,12.94200078165466
83,8,3.0,Remain,15.0,257.168701828671,21.67606818764,6.08049493939953,20524.3472844,128404.3392301285,0.489170840446,5.59132409895353
83,8,3.0,Undevelopable,2.0,0.0,0.0,2.022373059054,0.0,0.0,0.0,0.0
84,8,3.0,Developable,5.0,0.0,0.0,2.2402677253729,0.0,0.0,0.0,0.0
84,8,3.0,Redevelopable,22.0,116.9373558464779,9.219408121888,13.220923831464397,13888.811582096001,53727.588592286804,4.8012691362299,8.4196546952345
84,8,3.0,Remain,26.0,151.7715304222,16.9179920741233,6.162774075288149,17885.501983554495,83708.82133964,0.689263975218249,5.4735101000699
84,8,3.0,Undevelopable,7.0,23.9738472009,0.0,1.3007129200746,0.0,13168.637609360001,0.0,0.0
85,8,4.0,Developable,105.0,0.0,0.0,44.61067236262229,0.0,0.0,0.0,0.0
85,8,4.0,Redevelopable,31.0,815.6543268613148,2.3693043165,26.415498030718933,1571.102623501,304398.1413551054,0.3525860173913,26.062912013327633
85,8,4.0,Remain,83.0,1892.1845200832606,2.7807142614474234,42.945865899401774,3335.493327504604,788524.8261189491,0.03794387979540768,42.90792201960637
85,8,4.0,Undevelopable,8.0,0.0,0.0,1.366172826810441,0.0,0.0,0.0,0.0
86,8,1.0,Developable,118.0,0.0,0.0,73.54817162932831,0.0,0.0,0.0,0.0
86,8,1.0,Redevelopable,228.0,663.6847457604008,156.95581892698004,58.41454947376127,171064.8753668278,398006.0618191042,32.36630761614933,26.04824185761194
86,8,1.0,Remain,160.0,182.86082334226384,370.19176775004223,33.49411032297115,433779.69323709863,109984.30750182983,22.217056785908834,11.277053537062285
86,8,1.0,Undevelopable,61.0,121.12700406220999,1.99847817672,45.08578335464334,2697.94553857,45036.44059516,0.0,0.0
87,2,2.0,Developable,13.0,0.0,0.0,1.60494388845457,0.0,0.0,0.0,0.0
87,2,2.0,Redevelopable,75.0,167.61114767862,68.62712998685231,20.004265624225628,96487.41437078899,137847.47462428,8.35605980381012,11.648205820415498
87,2,2.0,Remain,61.0,32.9761291302,142.10070816081,7.625415711108001,139808.128746226,20873.8897394,6.2296093432080015,1.3958063679
87,2,2.0,Undevelopable,18.0,0.0,1.99855369227,4.59479406737911,1947.87796414,0.0,0.0,0.0
88,4,2.0,Developable,110.0,0.0,0.0,70.99916655175107,0.0,0.0,0.0,0.0
88,4,2.0,Redevelopable,186.0,3492.1181584004185,120.3913931160873,72.69929264557747,183956.77521955298,1407962.626356659,22.1211740517441,50.57811859383338
88,4,2.0,Remain,16.0,242.995328148422,257.04631036736396,16.182217713732,72396.57050376,91445.27995136399,10.059624639033,6.122593074699
88,4,2.0,Undevelopable,22.0,0.0,0.0,21.163861580780488,0.0,0.0,0.0,0.0
88,8,2.0,Developable,23.0,0.0,0.0,3.483120113244913,0.0,0.0,0.0,0.0
88,8,2.0,Redevelopable,19.0,405.82622620349497,0.6432531104594891,7.436636298576048,2076.62675652406,160804.92691028502,1.2996016066870777,6.137034691888969
88,8,2.0,Remain,6.0,205.8671737973435,0.0,4.54785742089211,0.0,94612.80648254028,0.0,4.54785742089211
88,8,2.0,Undevelopable,8.0,0.0,0.0,0.49666814283988003,0.0,0.0,0.0,0.0
89,8,3.0,Developable,29.0,0.0,0.0,2.5263942892296503,0.0,0.0,0.0,0.0
89,8,3.0,Redevelopable,29.0,77.7945712260403,17.617855251497005,11.130084400313999,22617.351158880003,48137.2376956661,8.159157454094002,2.97092694622
89,8,3.0,Remain,45.0,279.33000888935004,21.628084910974994,8.305842878405661,24977.55700587299,145917.34478324998,1.2300161146620605,7.0758267637436
89,8,3.0,Undevelopable,9.0,0.0,3.7105058821152004,3.5159300666739495,2603.95362688672,0.0,0.0,0.0
90,8,3.0,Developable,183.0,0.0,0.0,92.15986572291571,0.0,0.0,0.0,0.0
90,8,3.0,Redevelopable,261.0,1285.2928541169886,229.15709662717882,124.41569974755828,273509.45790757757,882421.580710857,49.09383254162487,75.32186720593347
90,8,3.0,Remain,199.0,1599.477311091763,176.66316087974025,62.31839819484337,229485.4619920089,860941.340538974,10.320154918810207,51.998243276033136
90,8,3.0,Undevelopable,150.0,899.3852808063139,2.435690772348,84.2410607035162,3400.1990601079997,351450.89709676,0.0,0.0
91,8,3.0,Developable,27.0,0.0,0.0,1.665800222997089,0.0,0.0,0.0,0.0
91,8,3.0,Redevelopable,176.0,160.284408547193,299.75616280192986,38.17045432887555,295965.7186022046,98191.93731969761,23.894538704331723,14.275915624543797
91,8,3.0,Remain,28.0,20.158860703879,49.890718418737194,5.68678305590075,64738.313524910096,12243.090332523,3.73784434393775,1.9489387119630002
91,8,3.0,Undevelopable,7.0,65.9048243382,1.508558899124,7.930780834645001,2417.8886765340003,23066.6885184,0.0,0.0
92,3,3.0,Developable,90.0,0.0,0.0,25.194771795397966,0.0,0.0,0.0,0.0
92,3,3.0,Redevelopable,129.0,679.2268520565573,177.9305096701465,48.52588098059514,241559.31962003725,434610.4101079979,5.4210167418188595,43.10486423877628
92,3,3.0,Remain,61.0,232.13354130331487,36.65256325710121,11.954023544133316,60370.5706584304,125230.33426682105,0.48916582920163,11.464857714931687
92,3,3.0,Undevelopable,83.0,482.85950516720095,1.0170141168419,112.02320269398996,1257.75977644,303394.38877063146,0.0,0.0
92,10,3.0,Developable,1171.0,0.0,0.0,285.22722189815704,0.0,0.0,0.0,0.0
92,10,3.0,Redevelopable,2006.0,11806.023430225612,2511.6243335848117,507.92842565079275,1850441.4682756518,6049258.717892518,183.66803990472857,324.2603857460636
92,10,3.0,Remain,362.0,5258.211263608068,580.7699687972636,211.55165415629617,781432.0552215412,2721172.18488099,32.18721624586993,179.36443791042635
92,10,3.0,Undevelopable,625.0,2362.6345879663345,38.692847676136,687.9079073408539,48623.731638814,1011986.7407401444,0.0,0.0
93,8,3.0,Developable,53.0,0.0,0.0,6.461198973088398,0.0,0.0,0.0,0.0
93,8,3.0,Redevelopable,253.0,3568.0578742411203,357.54915057420345,90.19935551568945,295692.9448912148,2125658.5005846336,37.48369472249629,52.715660793193216
93,8,3.0,Remain,60.0,430.9008323996,207.53460306816498,16.006765836569507,117569.8495730386,211733.06398115002,8.385832849585109,7.620932986984395
93,8,3.0,Undevelopable,67.0,489.4980974599549,6.00499775477592,43.95670631723973,7592.95329203707,178957.5939382082,0.0,0.0
94,10,2.0,Developable,34.0,0.0,0.0,22.996001652353485,0.0,0.0,0.0,0.0
94,10,2.0,Redevelopable,12.0,1033.6453219444718,5.674047035216,7.9030555903135005,25819.133453621,653898.1488791441,3.0142638763474,4.8887917139661
94,10,2.0,Remain,111.0,12995.442277849708,40.54881936709664,96.84388026403198,196772.32182867223,8020496.543810332,10.093522132851557,86.75035813118045
94,10,2.0,Undevelopable,35.0,277.62308644955596,7.089240086397,208.7565925919051,23876.33129908,135051.990199127,0.0,0.0
95,8,2.0,Developable,3.0,0.0,0.0,0.6088199681608,0.0,0.0,0.0,0.0
95,8,2.0,Redevelopable,22.0,332.661333036174,2.6808011554288,12.511686967439578,6576.3326838191,131781.544181423,0.7030310929715801,11.808655874468
95,8,2.0,Remain,1.0,109.922084749,0.0,1.35664002812,0.0,41110.859696,0.0,1.35664002812
95,8,2.0,Undevelopable,1.0,0.0,0.250353623457,0.0180778743293,900.987695141,0.0,0.0,0.0
96,8,4.0,Developable,429.0,0.0,0.0,33.16274118635387,0.0,0.0,0.0,0.0
96,8,4.0,Redevelopable,458.0,2661.4947495270812,28.760361805451915,87.03025538667994,30179.716565186256,1470144.004003632,3.556780559276035,83.47347482740388
96,8,4.0,Remain,234.0,0.0,502.42080184013287,28.784621037079077,212997.18982354712,0.0,28.784621037079077,0.0
96,8,4.0,Undevelopable,83.0,0.0,30.12683996455164,5.470541181810844,57633.325663702046,0.0,0.0,0.0
97,8,4.0,Developable,23993.0,0.0,0.0,27.44693629577653,0.0,0.0,0.0,0.0
97,8,4.0,Redevelopable,225.0,3123.958267274439,38.49367507664607,92.07669776890795,84281.4843365259,1263131.711385709,7.682004956402091,84.3946928125059
97,8,4.0,Remain,1904.0,843.6166472358433,635.0895072316899,43.75062185453609,910191.9671271632,381854.9863389277,21.41163099679701,22.338990857739013
97,8,4.0,Undevelopable,5397.0,168.2294392821908,42.51037728877666,44.01692181315658,86425.5502433692,70340.83526780046,0.0,0.0
98,2,4.0,Developable,295.0,0.0,0.0,66.65799667986548,0.0,0.0,0.0,0.0
98,2,4.0,Redevelopable,47.0,173.33192158904242,13.131708099766968,20.45249535627685,35815.779068157055,96753.87026007203,9.208044026142877,11.244451330133973
98,2,4.0,Remain,83.0,65.09889893762558,78.96062368971934,11.389668547756362,117452.01264904045,41207.60302755642,9.63589708934077,1.7537714584155928
98,2,4.0,Undevelopable,19.0,1215.0175057437123,0.0,71.50424803787739,0.0,425256.12701006164,0.0,0.0
100,8,1.0,Developable,13.0,0.0,0.0,10.554978201054764,0.0,0.0,0.0,0.0
100,8,1.0,Redevelopable,19.0,970.1766485143897,2.997559400289,51.688667122720126,5714.3477195099995,370609.69980826264,1.285235648888,50.40343147383212
100,8,1.0,Remain,37.0,1565.843169460999,6.514883967859209,39.268509155964495,17130.59964482999,613376.6887059043,2.6285494753514325,36.63995968061305
100,8,1.0,Undevelopable,11.0,50.2080793264,0.0,1.18527080761418,0.0,48952.8773433,0.0,0.0
101,8,4.0,Developable,272.0,0.0,0.0,91.26093562424525,0.0,0.0,0.0,0.0
101,8,4.0,Redevelopable,597.0,1918.5888344058667,183.6518060952199,101.5476769251908,368277.8764369598,903537.0155426216,54.41326604213343,47.13441088305744
101,8,4.0,Remain,35.0,15.9917602239,21.284461418540072,12.725376373575534,49107.51261818735,5597.11607836,12.220822380421534,0.504553993154
101,8,4.0,Undevelopable,13.0,0.241341943177,0.74287068561424,7.60673424299724,1759.1177835308,84.4696801118,0.0,0.0
102,7,2.0,Developable,12.0,0.0,0.0,7.490548265767401,0.0,0.0,0.0,0.0
102,7,2.0,Redevelopable,35.0,64.810494100804,12.09903640497445,3.780213874646121,9799.01301606487,40057.829577808,1.2746174274310311,2.5055964472150896
102,7,2.0,Undevelopable,3.0,1.86367740392,0.0,1.4010733903736998,0.0,1179.70779668,0.0,0.0
102,10,2.0,Developable,80.0,0.0,0.0,16.65201718136501,0.0,0.0,0.0,0.0
102,10,2.0,Redevelopable,121.0,2005.566007425028,58.850553112396994,77.58670527283189,64875.928166784004,1571643.8498020303,2.2821735841268995,75.304531688705
102,10,2.0,Remain,3.0,68.9510423299,23.9829208703,2.304192340234,16127.5149969,43646.009794800004,0.390135553759,1.9140567864750002
102,10,2.0,Undevelopable,33.0,20.664323715121,0.0,15.328749965532207,0.0,13174.006089333001,0.0,0.0
103,8,3.0,Developable,87.0,0.0,0.0,65.44848842544106,0.0,0.0,0.0,0.0
103,8,3.0,Redevelopable,25.0,6.28412175201,16.34982823050107,27.701406453957404,25776.936975507237,4521.75717653,17.389134411918402,10.312272042039
103,8,3.0,Remain,57.0,31.213104048738003,54.166096659566605,18.25431198209183,144917.88768551272,23418.530727012,6.6820307960038425,11.572281186087999
103,8,3.0,Undevelopable,28.0,0.0,19.343103985021003,43.638072831723996,24816.386173670002,0.0,0.0,0.0
104,6,2.0,Developable,45.0,0.0,0.0,28.22217349684088,0.0,0.0,0.0,0.0
104,6,2.0,Redevelopable,15.0,172.53931205701102,27.746123344913,25.388134823096003,42908.3066859,119504.758144945,17.546286234524,7.841848588572
104,6,2.0,Remain,4.0,347.32569502996,0.0,2.77871778577,0.0,122226.732371996,0.0,2.77871778577
104,6,2.0,Undevelopable,3.0,0.0,0.0,2.9563778753514303,0.0,0.0,0.0,0.0
105,10,2.0,Developable,79.0,0.0,0.0,126.79437813579877,0.0,0.0,0.0,0.0
105,10,2.0,Redevelopable,6.0,428.52337567794996,0.0,38.2739314171,0.0,164028.73050499,0.0,38.2739314171
105,10,2.0,Remain,57.0,1171.3207383160798,0.00811608481503,9.766517552687596,21.0919125732,754147.5032120688,0.0563024201695,9.710215132518096
105,10,2.0,Undevelopable,199.0,467.71190339291,0.0,679.8846905737631,0.0,170452.18410724,0.0,0.0
106,2,4.0,Developable,136.0,0.0,0.0,8.54407884000613,0.0,0.0,0.0,0.0
106,2,4.0,Redevelopable,87.0,299.7549963391346,18.670571371065442,19.969924792168687,22019.499665749438,284640.9410689005,4.124389941089828,15.845534851078863
106,2,4.0,Remain,172.0,0.0,203.63814095569367,14.546201106853061,152143.51138241065,0.0,14.546201106853061,0.0
106,2,4.0,Undevelopable,34.0,0.775107819466789,5.994058240673909,3.682895661861271,7332.731247755856,755.730123979537,0.0,0.0
107,6,2.0,Developable,29.0,0.0,0.0,4.858525964281793,0.0,0.0,0.0,0.0
107,6,2.0,Redevelopable,51.0,432.51983652126705,32.4019550658357,21.494928339027496,37662.3959316476,253220.20846579102,5.4727296234795,16.022198715548
107,6,2.0,Remain,10.0,333.79872907266605,1.5014646430897,4.56658362147453,2665.6002617917,221512.89089210512,0.22445001386983998,4.34213360760469
107,6,2.0,Undevelopable,16.0,64.16178644063001,0.0,4.987864555929909,0.0,22456.62525423,0.0,0.0
108,6,2.0,Developable,17.0,0.0,0.0,14.744478977991198,0.0,0.0,0.0,0.0
108,6,2.0,Redevelopable,37.0,883.3735696861377,20.000306310122788,31.024658589811395,27984.25141901368,587783.100389028,8.220359580444782,22.804299009366606
108,6,2.0,Remain,18.0,1688.2934031319996,4.2723793669050005,37.877246352936005,5534.394656529,1220775.2342446,1.775785763615,36.101460589321
108,6,2.0,Undevelopable,47.0,0.0,0.0,25.88716567550527,0.0,0.0,0.0,0.0
109,8,3.0,Developable,138.0,0.0,0.0,82.01223740491227,0.0,0.0,0.0,0.0
109,8,3.0,Redevelopable,129.0,844.647421665206,225.59032035085394,179.67275396098023,331394.08247876394,381374.2021856469,40.14752777523645,139.5252261857438
109,8,3.0,Remain,132.0,1486.1147100218145,141.5782559546373,59.61645221174536,200073.77102756262,600636.0473122359,29.689574616515543,29.926877595229797
109,8,3.0,Undevelopable,79.0,12.143255769485,9.712766828126622,59.41016570395508,14584.36117122669,4250.1395193220005,0.0,0.0
110,8,1.0,Developable,55.0,0.0,0.0,59.112141327993996,0.0,0.0,0.0,0.0
110,8,1.0,Redevelopable,7.0,11.748516063907001,3.294035594025,20.859908429325003,6852.64971826,11454.8031623,4.6418910520950005,16.21801737723
110,8,1.0,Remain,13.0,0.0,7.06909546269913,1.8419786462220171,12817.09206400509,0.0,1.8419786462220171,0.0
110,8,1.0,Undevelopable,12.0,0.0,0.0,3.7541944585089033,0.0,0.0,0.0,0.0
111,8,3.0,Developable,11.0,0.0,0.0,1.91735540761456,0.0,0.0,0.0,0.0
111,8,3.0,Redevelopable,32.0,175.1045961339268,11.8819749049601,7.314756059895109,20399.624820784,71961.51108775681,3.97379700177813,3.34095905811698
111,8,3.0,Remain,77.0,222.19916886715401,70.65671406902028,5.8800619104686795,62048.301806882024,89323.21207938,3.8468793974486806,2.03318251302
111,8,3.0,Undevelopable,16.0,24.220164155109998,19.346012613296537,8.655137531304563,8126.746525502328,20456.35346422,0.0,0.0
112,2,3.0,Developable,37.0,0.0,0.0,35.48198876064155,0.0,0.0,0.0,0.0
112,2,3.0,Redevelopable,143.0,42.45372919211,151.17366363525053,43.275338390577325,171973.51537210814,21197.636888779998,39.49825350814433,3.777084882433
112,2,3.0,Remain,369.0,38.962146975947,532.0291394535451,84.2235906177033,711238.900443882,36963.08735354,78.993591674861,5.2299989428423
112,2,3.0,Undevelopable,29.0,0.0,0.0,19.8319241248307,0.0,0.0,0.0,0.0
113,8,3.0,Developable,104.0,0.0,0.0,81.8616491121761,0.0,0.0,0.0,0.0
113,8,3.0,Redevelopable,151.0,2950.1920493278603,82.66965522482329,94.9390780419762,118474.21272894622,1540244.0896485904,26.07830618692899,68.8607718550472
113,8,3.0,Remain,276.0,947.7570992809758,328.9337188966993,64.51290843151068,656646.4559162419,517438.3574981245,29.194560974444876,35.31834745706585
113,8,3.0,Undevelopable,46.0,79.45706990379999,10.563703813473,97.7183003260719,22665.141645943004,77470.6431562,0.0,0.0
114,4,2.0,Developable,2.0,0.0,0.0,0.15967457156179998,0.0,0.0,0.0,0.0
114,4,2.0,Redevelopable,43.0,34.660126740936,22.428563044939953,3.6069897054402915,31860.965422190697,27588.344388723,2.163689787213691,1.4432999182266
114,4,2.0,Undevelopable,5.0,0.0,0.0,0.4227874716764,0.0,0.0,0.0,0.0
114,8,2.0,Developable,46.0,0.0,0.0,5.737097392151054,0.0,0.0,0.0,0.0
114,8,2.0,Redevelopable,567.0,248.8804952825557,365.91010888603915,65.42355102924753,541941.3913905892,123477.23558987408,53.34157640105921,12.081974628188362
114,8,2.0,Remain,34.0,17.198413531040003,101.57253986792199,4.6309440541311995,92534.036332798,10726.07630031,4.080339114575,0.5506049395562
114,8,2.0,Undevelopable,47.0,9.092746860199,0.0,15.903819255525502,0.0,6252.4993750230005,0.0,0.0
115,1,2.0,Developable,822.0,0.0,0.0,51.52611166044865,0.0,0.0,0.0,0.0
115,1,2.0,Redevelopable,141.0,3878.4240272961406,329.5439464027869,104.75353766017935,524269.923111503,2319822.310975494,8.993615598385,95.75992206179434
115,1,2.0,Remain,128.0,2090.0619094847802,628.0001185490368,25.01665676637841,953598.6000782986,1255363.4617119199,5.426641220332292,19.590015546046118
115,1,2.0,Undevelopable,81.0,716.0864734570999,36.192078772017,69.44491472967769,387603.53058635996,283005.09599777,0.0,0.0
115,5,2.0,Developable,405.0,0.0,0.0,68.55752864360797,0.0,0.0,0.0,0.0
115,5,2.0,Redevelopable,772.0,30030.89180448991,981.3584305840635,156.09294820590912,821574.0046261344,15742653.190136755,9.910065227356547,146.18288297855247
115,5,2.0,Remain,1072.0,13097.55722363374,2056.524329345617,45.99735272608867,2883129.765904212,7906237.219437053,18.83846917699602,27.158883549092682
115,5,2.0,Undevelopable,123.0,12474.54502739939,35.5009314405,112.60537071305004,294441.81445922,6057676.845165454,0.0,0.0
115,9,2.0,Developable,243.0,0.0,0.0,35.90430216928807,0.0,0.0,0.0,0.0
115,9,2.0,Redevelopable,634.0,9589.06401740002,943.3860121149315,155.35177024617423,810533.3774283705,5424769.159748335,17.501909874976874,137.8498603711974
115,9,2.0,Remain,261.0,1247.5118229356992,1364.8080366398901,24.028773674763972,1592141.9793592552,631213.743861047,11.493200262269962,12.535573412494001
115,9,2.0,Undevelopable,113.0,524.3077131524333,2.997824666077,84.1902531510729,4892.9278076,237301.73494595586,0.0,0.0
116,7,2.0,Developable,71.0,0.0,0.0,9.252108353765289,0.0,0.0,0.0,0.0
116,7,2.0,Redevelopable,257.0,4450.318623436356,349.28906185810183,73.00333003223892,376337.7446551191,2230800.4019956193,11.761596791432362,61.2417332408066
116,7,2.0,Remain,22.0,437.6826761889001,776.354801403808,14.247143555754198,1008090.6636291601,224514.24913520002,9.0471750418762,5.199968513878
116,7,2.0,Undevelopable,19.0,116.91554572833999,0.0,5.461876552616444,0.0,75891.17819668999,0.0,0.0
116,10,2.0,Developable,160.0,0.0,0.0,21.684067308315,0.0,0.0,0.0,0.0
116,10,2.0,Redevelopable,854.0,8361.57542685845,2348.752253502848,138.9456150651444,2104055.8082311545,4581670.308016166,53.76648455450282,85.17913051064158
116,10,2.0,Remain,424.0,446.6749497291,1506.5914835877431,15.887404306390897,2086247.757842983,197790.10338783998,12.980404621381904,2.906999685009
116,10,2.0,Undevelopable,91.0,1256.4090717308065,37.97243455838,37.73051701107029,34387.009367243,769921.3784446081,0.0,0.0
117,6,2.0,Developable,4.0,0.0,0.0,1.7157567528309001,0.0,0.0,0.0,0.0
117,6,2.0,Redevelopable,16.0,0.0,14.2408568901703,6.10124459021651,33976.21773706251,0.0,6.10124459021651,0.0
117,6,2.0,Remain,86.0,0.0,68.87725840862312,11.694789817336167,156906.96352036836,0.0,11.694789817336167,0.0
117,6,2.0,Undevelopable,7.0,0.0,0.326197967431,9.2403123745616,686.771928618,0.0,0.0,0.0
118,6,2.0,Developable,2.0,0.0,0.0,4.226228216671,0.0,0.0,0.0,0.0
118,6,2.0,Redevelopable,25.0,3.3775319053,17.8082028579142,4.78643836954259,35257.215842180194,2137.97769605,4.68033309475159,0.106105274791
118,6,2.0,Remain,56.0,0.0,39.89467131087018,7.606693825756856,80658.6262164071,0.0,7.606693825756856,0.0
118,6,2.0,Undevelopable,4.0,152.76440478247,0.0,17.26132893697173,0.0,53467.54167402,0.0,0.0
119,8,3.0,Developable,54.0,0.0,0.0,32.0677631534007,0.0,0.0,0.0,0.0
119,8,3.0,Redevelopable,12.0,132.86992281877,0.999022707211,17.500845538287003,6993.15895048,71576.92309462,1.08637858206,16.414466956227002
119,8,3.0,Remain,71.0,2985.940284262404,573.3273929019,81.73089325873394,1316.6966652239998,1751837.2890973429,15.58947730022,66.14141595851395
119,8,3.0,Undevelopable,8.0,15.8421767061,0.0,6.940721579671321,0.0,10028.097855,0.0,0.0
120,2,2.0,Developable,18.0,0.0,0.0,22.9576262715613,0.0,0.0,0.0,0.0
120,2,2.0,Remain,3.0,718.2575262774,0.0,4.718936167228001,0.0,620985.4999214,0.0,4.718936167228001
121,6,2.0,Developable,63.0,0.0,0.0,111.94298155369792,0.0,0.0,0.0,0.0
121,6,2.0,Undevelopable,10.0,0.0,0.0,4.354640856703669,0.0,0.0,0.0,0.0
122,8,2.0,Developable,96.0,0.0,0.0,52.4165697118102,0.0,0.0,0.0,0.0
122,8,2.0,Redevelopable,86.0,536.08993241604,39.499234621383856,57.40408034995036,103189.62466971582,253057.117762966,28.996736807620767,28.4073435423296
122,8,2.0,Remain,124.0,624.3894473125929,64.49112133800628,27.51915648886942,160301.78437080063,282815.2806440113,4.414094004053078,23.105062484816354
122,8,2.0,Undevelopable,32.0,26.0742884578301,0.0,17.826955879819323,0.0,9182.1849165859,0.0,0.0
123,6,2.0,Developable,11.0,0.0,0.0,0.5232865440994802,0.0,0.0,0.0,0.0
123,6,2.0,Redevelopable,370.0,60.583805069446,581.9984972388669,29.424567692385768,807011.9259869109,26799.305730981003,28.709823837705127,0.71474385468064
123,6,2.0,Remain,2.0,0.0,8.40680556395,0.19221275186859998,7034.987489499999,0.0,0.19221275186859998,0.0
123,6,2.0,Undevelopable,33.0,1454.8557838837,205.46242800515,68.10502692326834,225984.881656344,515703.7807165,0.0,0.0
124,4,2.0,Developable,53.0,0.0,0.0,8.635399352802454,0.0,0.0,0.0,0.0
124,4,2.0,Redevelopable,164.0,858.2651376173152,130.92963850290064,51.35126358256204,172958.71209942448,438177.3348229639,12.33259556228365,39.0186680202784
124,4,2.0,Remain,14.0,115.2176863016,43.53011958402001,4.3819952205926995,41869.59585759001,47697.21287373,1.6536462673598002,2.7283489532328997
124,4,2.0,Undevelopable,8.0,13.5139357519,0.0,13.979454454022212,0.0,5054.21197122,0.0,0.0
124,8,2.0,Developable,488.0,0.0,0.0,97.68007256392409,0.0,0.0,0.0,0.0
124,8,2.0,Redevelopable,2072.0,12912.613561395117,2145.4647401539837,555.130704297469,2482671.919921498,6927458.446778142,185.5389097852072,369.5917945122611
124,8,2.0,Remain,291.0,1527.7401336098608,1031.1370576368686,69.12968604017516,1205645.147254706,909294.5204320844,31.067030304768103,38.06265573540707
124,8,2.0,Undevelopable,105.0,9547.322797040038,325.0432017957851,128.53052850298317,218313.945201929,3416522.484005154,0.0,0.0
125,3,1.0,Developable,19.0,0.0,0.0,31.51817266219959,0.0,0.0,0.0,0.0
125,3,1.0,Redevelopable,4.0,204.679027559759,0.0,31.4599348719563,0.0,81704.890947965,0.0,31.4599348719563
125,3,1.0,Remain,6.0,337.13672591316,0.0,6.159176050581,0.0,125672.07197178999,0.0,6.159176050581
125,3,1.0,Undevelopable,30.0,0.0,0.0,43.61816156827819,0.0,0.0,0.0,0.0
125,10,1.0,Developable,251.0,0.0,0.0,384.2327478349384,0.0,0.0,0.0,0.0
125,10,1.0,Redevelopable,92.0,13.278792417955998,68.92910940758915,43.444317571504264,182773.5084240811,7094.629398002,36.51994196077625,6.924375610727999
125,10,1.0,Remain,101.0,1283.477318560087,103.23571944481392,69.75651615602966,229228.00122403298,524219.57255057996,51.32238144530663,18.434134710723
125,10,1.0,Undevelopable,108.0,628.4622727834474,2.6918114402868003,215.55384065828798,7003.3632495126985,228055.8559773112,0.0,0.0
126,6,2.0,Developable,17.0,0.0,0.0,13.33726360031547,0.0,0.0,0.0,0.0
126,6,2.0,Redevelopable,85.0,0.0,76.01856746467513,37.17213787350204,184213.59871658296,0.0,37.17213787350204,0.0
126,6,2.0,Remain,107.0,80.9502849325,166.679296719497,23.011646366095455,279551.2223893637,28332.5997264,21.111183964695453,1.9004624014
126,6,2.0,Undevelopable,34.0,4.67671114254,0.0,41.4681374730298,0.0,2886.0800954339998,0.0,0.0
127,7,2.0,Developable,58.0,0.0,0.0,9.789112071826011,0.0,0.0,0.0,0.0
127,7,2.0,Redevelopable,363.0,2633.0700416452514,330.69489467976683,88.14507842019523,499341.16729519394,1198391.6373894364,34.94688678152782,53.19819163866732
127,7,2.0,Remain,22.0,1098.5298897944122,456.67672647298446,20.85899326275579,558623.7955739327,477769.864397539,3.9003234790387884,16.958669783717
127,7,2.0,Undevelopable,32.0,78.89972528179999,0.0,39.001920582081986,0.0,44017.28394107,0.0,0.0
127,10,2.0,Developable,51.0,0.0,0.0,5.84645514857758,0.0,0.0,0.0,0.0
127,10,2.0,Redevelopable,168.0,1955.9189814792978,139.7051417688243,47.788031890737685,198676.50481623574,1032754.7109118714,13.506998699700368,34.281033191037345
127,10,2.0,Remain,40.0,1333.74333452648,371.75668767519,16.127304863242877,609731.2461362901,697590.67417647,5.974190432691881,10.153114430551
127,10,2.0,Undevelopable,44.0,12.987059466254001,1.251202306865,32.8373350655247,2449.365010596,8089.684191759,0.0,0.0
128,8,1.0,Developable,63.0,0.0,0.0,19.208046843865453,0.0,0.0,0.0,0.0
128,8,1.0,Redevelopable,256.0,1364.8933905000567,173.7742524884678,78.08871405471103,195534.8678126172,724289.7173133473,26.199713530541366,51.889000524169646
128,8,1.0,Remain,41.0,81.345702037505,109.81952624549503,8.9209589591149,99313.32475542,35870.153757656,5.666954944579101,3.2540040145358002
128,8,1.0,Undevelopable,23.0,94.87558960532152,0.0,17.08954616029864,0.0,42215.47509463942,0.0,0.0
128,8,3.0,Developable,26.0,0.0,0.0,3.9083853223749463,0.0,0.0,0.0,0.0
128,8,3.0,Redevelopable,55.0,345.7083317170421,7.335921632779,24.30144979391457,8711.241136498,183312.88305212994,1.4844152008593003,22.817034593055276
128,8,3.0,Remain,25.0,239.22763226132196,3.996211967499,10.386254833847993,5322.95119245,132890.32673864102,0.11992130443493,10.266333529413062
128,8,3.0,Undevelopable,8.0,30.18509917283,0.0,5.6555468181037,0.0,15865.61213393,0.0,0.0
129,8,1.0,Developable,54.0,0.0,0.0,30.961601478779986,0.0,0.0,0.0,0.0
129,8,1.0,Redevelopable,180.0,221.417278901575,150.04612576847302,57.2531728388593,203632.11410868066,148687.11352175195,41.02511636689639,16.22805647196289
129,8,1.0,Remain,136.0,176.84218677150002,107.99504595474087,36.52672236105244,185955.86497976226,110406.46940326999,29.674205904209433,6.852516456843
129,8,1.0,Undevelopable,4.0,0.209641876328,0.231453843888,12.263916836068999,302.741627806,73.3746567149,0.0,0.0
130,8,1.0,Developable,5.0,0.0,0.0,0.27320464119437005,0.0,0.0,0.0,0.0
130,8,1.0,Redevelopable,71.0,7.99301010751,49.63569201055855,18.898744143298895,66989.18401487108,2989.38578021,18.496570854128898,0.40217328917
130,8,1.0,Remain,29.0,0.0,15.16764299169116,3.19711617727676,24204.13795481408,0.0,3.19711617727676,0.0
130,8,1.0,Undevelopable,1.0,0.0,0.495470044836,0.717377616727,1865.44471881,0.0,0.0,0.0
131,8,1.0,Developable,51.0,0.0,0.0,17.44483592053379,0.0,0.0,0.0,0.0
131,8,1.0,Redevelopable,49.0,391.2341576203211,31.666295265804628,37.53382141293612,41900.861691757804,160036.5035067826,10.260340734848517,27.273480678087623
131,8,1.0,Remain,54.0,309.8626308874408,38.119268646745525,21.35718775572943,52240.760134236836,166460.18951630357,5.54629661999555,15.810891135733877
131,8,1.0,Undevelopable,41.0,232.39585918580036,0.0,62.89411058704193,0.0,101653.65969671962,0.0,0.0
132,8,1.0,Developable,192.0,0.0,0.0,318.64726301955835,0.0,0.0,0.0,0.0
132,8,1.0,Redevelopable,113.0,12.213272289706257,85.52497734573554,72.58660361121869,117140.06059576143,11100.262204009583,66.13448408198248,6.452119529236218
132,8,1.0,Remain,72.0,0.0,61.14133550055188,26.125646547285413,103078.20615723399,0.0,26.125646547285413,0.0
132,8,1.0,Undevelopable,44.0,18.520096937155,0.292195450687,113.49011465712292,382.191649498,7007.735108960999,0.0,0.0
133,8,2.0,Developable,17.0,0.0,0.0,7.092395303573185,0.0,0.0,0.0,0.0
133,8,2.0,Redevelopable,71.0,1497.766848756276,48.73884924857806,32.44343190030935,92370.97900999269,1170877.2928270223,11.667913818452353,20.775518081857
133,8,2.0,Remain,215.0,1470.7364577839198,554.2907595414423,54.673156416283284,340494.26503851096,929271.8209282,35.55383142442728,19.119324991856
133,8,2.0,Undevelopable,12.0,1.71634961813,27.7770509288,32.639825756183996,20048.7246293,1086.44930828,0.0,0.0
134,3,4.0,Developable,34.0,0.0,0.0,24.58468154528246,0.0,0.0,0.0,0.0
134,3,4.0,Redevelopable,45.0,4388.100860676709,10.043239722113512,47.42449939113748,39020.640685735765,2774613.096052425,1.876374113688081,45.54812527744941
134,3,4.0,Remain,49.0,2.71937206173,30.977088151390014,27.369064912191863,115145.73066762203,679.843015433,4.437016238191875,22.932048674
134,3,4.0,Undevelopable,18.0,8.564303146945882,0.0,35.546438833936854,0.0,8221.632410498843,0.0,0.0
134,10,4.0,Developable,732.0,0.0,0.0,317.7710836135209,0.0,0.0,0.0,0.0
134,10,4.0,Redevelopable,99.0,2940.120154867403,11.993249689281237,61.753786329525205,42145.351722623294,1520026.9499372724,3.1301947498587936,58.623591579666424
134,10,4.0,Remain,1335.0,2145.327163178774,868.209301991074,87.73850579895249,1770256.0929401668,1115989.985948913,56.78664818354314,30.951857615409267
134,10,4.0,Undevelopable,254.0,24.156270003392358,0.0,98.02009942665178,0.0,22712.87774583675,0.0,0.0
135,3,2.0,Developable,38.0,0.0,0.0,53.84716451798769,0.0,0.0,0.0,0.0
135,3,2.0,Redevelopable,15.0,1702.41977268367,0.0,47.78902587627519,0.0,671816.4131281179,0.0,47.78902587627519
135,3,2.0,Remain,13.0,2397.1481475913,301.814478785,30.181079443552996,305582.162841,1814237.3708844602,2.747011531,27.434067912552997
135,3,2.0,Undevelopable,15.0,89.9445994189,0.0,27.196368490663563,0.0,56934.9314322,0.0,0.0
135,7,2.0,Developable,59.0,0.0,0.0,51.327725968027714,0.0,0.0,0.0,0.0
135,7,2.0,Redevelopable,118.0,59.5987764780116,114.13810592339748,22.908694304618717,192877.01906686844,29298.992889304278,17.998857427479013,4.909836877139696
135,7,2.0,Remain,38.0,1364.549856410996,87.97334057235962,25.61618270535355,214056.86064806898,863899.367592686,4.19243908546735,21.4237436198862
135,7,2.0,Undevelopable,25.0,79.28621870038691,459.168296387481,64.34454803529229,434970.90899372,29631.5423254939,0.0,0.0
135,10,2.0,Developable,314.0,0.0,0.0,248.01410491344163,0.0,0.0,0.0,0.0
135,10,2.0,Redevelopable,696.0,8712.337580611274,606.4563449237463,528.1543255577241,1269338.7877356056,4974338.5894833645,160.097900246029,368.05642531169497
135,10,2.0,Remain,332.0,11273.024214595485,409.7321898245971,188.84389455831038,382425.0005460099,5965721.83294221,31.52623603407654,157.31765852423393
135,10,2.0,Undevelopable,83.0,334.726878565015,194.098243323813,118.27068650462019,166299.61673971,267267.444852035,0.0,0.0
136,8,4.0,Developable,340.0,0.0,0.0,364.90815872757446,0.0,0.0,0.0,0.0
136,8,4.0,Redevelopable,67.0,2663.81552050091,0.9994267483227295,74.58572205423623,1820.955535443975,1847105.2516191925,14.790991106767189,59.79473094746902
136,8,4.0,Remain,18.0,579.1317692698143,1.9692608416449413,7.061723249207122,2909.0603496365893,366590.40994790825,0.06620177528593037,6.995521473921191
136,8,4.0,Undevelopable,84.0,4.7796911602225185,0.42054866272854513,63.1736926730175,469.33230760482456,1761.8966130743822,0.0,0.0
137,6,2.0,Developable,71.0,0.0,0.0,8.260720018719221,0.0,0.0,0.0,0.0
137,6,2.0,Redevelopable,397.0,1528.22373396302,662.8360781738397,47.460441182775014,763225.8901733054,754873.0636744798,35.19112177398341,12.269319408791597
137,6,2.0,Remain,222.0,29.9781566073,365.6136573258318,6.148149344801178,368082.5976930723,11211.8305711,5.863976257120177,0.284173087681
137,6,2.0,Undevelopable,33.0,54.9600278733,4.996368759426,10.58417711944344,7396.312079639,19236.0097556,0.0,0.0
138,8,2.0,Developable,157.0,0.0,0.0,35.40375439081757,0.0,0.0,0.0,0.0
138,8,2.0,Redevelopable,266.0,5648.781429163733,174.6776071944396,194.23940899740768,341351.5794418222,2735029.1382297007,43.516774425886425,150.72263457152127
138,8,2.0,Remain,900.0,6275.331084785807,2380.3785956996694,170.16765723379402,1759913.7340932963,3545216.4800674445,85.02238063085528,85.14527660293851
138,8,2.0,Undevelopable,52.0,291.794876908899,0.0,52.805970823056605,0.0,184706.157083134,0.0,0.0
139,10,4.0,Developable,820.0,0.0,0.0,84.12046664369306,0.0,0.0,0.0,0.0
139,10,4.0,Redevelopable,1212.0,13992.17293448499,701.0333887618776,429.5230295417776,281194.2188640556,6028376.034407728,39.95590203919059,389.5671275025868
139,10,4.0,Remain,243.0,481.8292297549964,802.4930131590904,42.762963938440976,373817.60567762575,220067.34058102814,25.50443794832908,17.258525990111853
139,10,4.0,Undevelopable,62.0,158.24606786441677,0.0,21.02391360135941,0.0,55386.12375255107,0.0,0.0
140,6,2.0,Undevelopable,35.0,13310.28988628974,60.623600933791,303.50407251475417,48498.880747053,5637333.425056785,0.0,0.0
141,8,4.0,Developable,169.0,0.0,0.0,323.14054116567354,0.0,0.0,0.0,0.0
141,8,4.0,Redevelopable,35.0,76.59170644812505,0.0,83.18016824528534,0.0,303715.7974398711,0.0,83.18016824528534
141,8,4.0,Remain,10.0,16.96275945612817,0.0,4.252340724046159,0.0,15570.221895623868,0.0,4.252340724046159
141,8,4.0,Undevelopable,3.0,2.0431652175752517,0.0,2.62057147358981,0.0,1992.0860871291204,0.0,0.0
142,0,2.0,Developable,49.0,0.0,0.0,117.36601718750518,0.0,0.0,0.0,0.0
142,0,2.0,Redevelopable,5.0,101.051145584,1.8148719912381,12.0795288123456,4030.417804675,98524.8669443,0.3895188606456,11.6900099517
142,0,2.0,Remain,24.0,0.0,14.1355962504443,1.7553330474995803,28760.404413681903,0.0,1.7553330474995803,0.0
142,0,2.0,Undevelopable,4.0,0.0,0.0,14.715239344681,0.0,0.0,0.0,0.0
142,8,2.0,Developable,85.0,0.0,0.0,110.58514130415159,0.0,0.0,0.0,0.0
142,8,2.0,Redevelopable,11.0,296.79618010746,0.5262458823546,28.1351563227567,1613.2067523622,245461.92919889,0.130436194229,28.0047201285277
142,8,2.0,Remain,93.0,404.96457979001997,359.21392152665226,34.79731734584405,298628.70661346865,325370.88699667,27.579426205043053,7.217891140801
142,8,2.0,Undevelopable,17.0,128.94963159066,0.0,20.443859969427297,0.0,80172.32555188,0.0,0.0
143,8,3.0,Developable,4.0,0.0,0.0,0.3987947875214,0.0,0.0,0.0,0.0
143,8,3.0,Redevelopable,36.0,2.551058772077,18.014040759535,2.1301684871908706,16452.253666252003,1437.6300685029998,1.77457830628657,0.3555901809043
143,8,3.0,Remain,26.0,6.27270711917,9.614008275076003,1.4327969209707998,14543.8193571,3086.0543882449997,1.2528793335955999,0.1799175873752
143,8,3.0,Undevelopable,11.0,0.0,0.0451927432471,0.4447360912954063,93.0865122618,0.0,0.0,0.0
144,8,1.0,Developable,24.0,0.0,0.0,10.817495701648351,0.0,0.0,0.0,0.0
144,8,1.0,Redevelopable,56.0,5.99474447104,51.570398781934,24.71717323799035,73835.58830500084,5844.87585926,23.54733573237035,1.16983750562
144,8,1.0,Remain,68.0,88.91511501429999,56.6972385082141,25.35364892770598,103000.8047332965,56675.56615701,19.721047562374974,5.632601365331
144,8,1.0,Undevelopable,6.0,3.62286453946,0.0,3.8737168485860005,0.0,1268.00258881,0.0,0.0
145,0,3.0,Redevelopable,7.0,0.0,1.6797038993435003,0.3943770725556,2469.2854239221997,0.0,0.3943770725556,0.0
145,0,3.0,Undevelopable,1.0,0.0,0.0,0.06288067003,0.0,0.0,0.0,0.0
145,8,3.0,Developable,62.0,0.0,0.0,73.96298548736638,0.0,0.0,0.0,0.0
145,8,3.0,Redevelopable,9.0,5.82950045297,11.395464629430002,10.26676063185,15956.591223903,5683.76294165,8.22074356819,2.04601706366
145,8,3.0,Remain,104.0,157.27740889394,111.01984254689604,17.33024581946456,136831.7917720723,71699.61849416001,10.093280793877565,7.236965025587
145,8,3.0,Undevelopable,35.0,61.108804762,8.220605577660999,12.828629362780434,10151.129958907,38681.8734144,0.0,0.0
146,8,3.0,Developable,217.0,0.0,0.0,238.6467451134286,0.0,0.0,0.0,0.0
146,8,3.0,Redevelopable,70.0,319.0365797174212,31.930545172769396,105.38207257940039,45340.2282826746,241599.20770875498,30.869908128046003,74.51216445135442
146,8,3.0,Remain,107.0,250.5777331621679,318.67717061057004,107.0857734771097,254633.26076992994,149912.16625155904,27.414670893973597,79.67110258313608
146,8,3.0,Undevelopable,60.0,102.2547496813754,6.992916185224999,61.591596305751814,8115.663194354,37987.420312108,0.0,0.0
147,0,3.0,Developable,1.0,0.0,0.0,0.0035917883895,0.0,0.0,0.0,0.0
147,0,3.0,Redevelopable,19.0,0.0,10.011156352637734,1.9945509973431141,12172.68968919205,0.0,1.9945509973431141,0.0
147,0,3.0,Remain,38.0,0.0,64.88781442365837,5.312164598746724,58331.69223879793,0.0,5.312164598746724,0.0
147,0,3.0,Undevelopable,1.0,0.0,0.0,0.00899235705002,0.0,0.0,0.0,0.0
147,8,3.0,Developable,43.0,0.0,0.0,20.419251447738713,0.0,0.0,0.0,0.0
147,8,3.0,Redevelopable,29.0,9.153898081687,21.672139840603023,18.092713435819647,27074.843902032968,4500.679292557001,13.874097616512447,4.2186158193072
147,8,3.0,Remain,60.0,8.601553936494,167.16903936256134,32.06620453180613,195634.30381818788,3374.794142418,30.82980630482612,1.23639822698
147,8,3.0,Undevelopable,16.0,3.996089693635,1.857149586982,2.3727909637986566,4265.130698,2529.524776066,0.0,0.0
148,0,2.0,Developable,19.0,0.0,0.0,12.907147952459699,0.0,0.0,0.0,0.0
148,0,2.0,Redevelopable,13.0,555.299803844928,0.0,10.9771943207988,0.0,314300.088434296,0.0,10.9771943207988
148,0,2.0,Undevelopable,20.0,57.886747909,0.25526249052,18.489577972610597,680.019274744,20859.92769773,0.0,0.0
148,8,2.0,Developable,32.0,0.0,0.0,9.426889865649043,0.0,0.0,0.0,0.0
148,8,2.0,Redevelopable,142.0,413.8132709496899,125.84059983528002,32.0955443489487,190618.88127956694,255620.12937267296,14.363307922502296,17.732236426446406
148,8,2.0,Remain,14.0,40.97017421723,11.991259444673998,3.403842908757,23658.756751529996,21212.55856163,1.871875830461,1.531967078296
148,8,2.0,Undevelopable,9.0,0.0,0.0,2.466511377644752,0.0,0.0,0.0,0.0
149,4,2.0,Developable,19.0,0.0,0.0,9.83128279937964,0.0,0.0,0.0,0.0
149,4,2.0,Redevelopable,74.0,739.6537367722539,26.961087011554383,59.62627338432394,32528.378786088895,399690.94601858844,7.9030594711583095,51.72321391316563
149,4,2.0,Remain,4.0,0.0,143.778661337247,18.969526060432102,4746.5664465,0.0,18.969526060432102,0.0
149,4,2.0,Undevelopable,24.0,85.1015195626,0.0,24.1360350053329,0.0,29785.53184691,0.0,0.0
149,8,2.0,Developable,95.0,0.0,0.0,75.61288371664455,0.0,0.0,0.0,0.0
149,8,2.0,Redevelopable,228.0,1336.4594605957777,145.68406184237725,123.8160068850978,282423.20860255655,722297.5023062428,42.10060000598616,81.71540687911155
149,8,2.0,Remain,450.0,493.1877706484799,451.8583542476187,56.507858064666614,782689.0856390505,289291.18501995906,38.66153192569754,17.8463261389691
149,8,2.0,Undevelopable,58.0,265.46250593265,55.9648586736,62.14678398718611,56912.991,99655.69164746699,0.0,0.0
150,6,2.0,Developable,2.0,0.0,0.0,1.399251014364,0.0,0.0,0.0,0.0
150,6,2.0,Redevelopable,15.0,3.4906386592020002,8.985628243543145,2.5187278813370595,16608.45562115551,2475.04921315,2.2592801835230594,0.259447697814
150,6,2.0,Remain,17.0,0.0,67.84075017529231,8.732597236345459,30586.618787588905,0.0,8.732597236345459,0.0
151,8,3.0,Developable,106.0,0.0,0.0,37.27562489714731,0.0,0.0,0.0,0.0
151,8,3.0,Redevelopable,171.0,1160.7115806671288,157.74627256014722,46.42089613770949,156950.74652969418,764584.1498966758,31.254732276492,15.166163861217498
151,8,3.0,Remain,27.0,137.86082460030002,33.965682344087,8.330660846149774,40733.627313435005,102982.0817987,5.100513040206775,3.230147805943
151,8,3.0,Undevelopable,41.0,10.664503328404,4.0667965979259995,19.960329435001146,6156.990964918,6373.7349104196,0.0,0.0
152,8,1.0,Developable,49.0,0.0,0.0,25.923291828542162,0.0,0.0,0.0,0.0
152,8,1.0,Redevelopable,203.0,49.7624032829821,154.9201226302511,80.70437639047843,236962.9556178457,43485.689859626036,59.330742943381985,21.37363344709641
152,8,1.0,Remain,130.0,18.98286755237,119.57357605496946,36.52587010459758,179140.69822390072,14407.99025025,34.347548732275584,2.178321372322
152,8,1.0,Undevelopable,32.0,0.0,0.9990955446042287,4.962417549989087,2198.010198125703,0.0,0.0,0.0
153,8,1.0,Developable,33.0,0.0,0.0,42.941481815972494,0.0,0.0,0.0,0.0
153,8,1.0,Redevelopable,11.0,0.0,3.3147946746770973,1.5745240328921488,5944.399599320219,0.0,1.5745240328921488,0.0
153,8,1.0,Remain,73.0,0.0,66.33857547326393,3.237375762603666,112225.52358562098,0.0,3.237375762603666,0.0
153,8,1.0,Undevelopable,16.0,0.0,0.0,9.469409899279059,0.0,0.0,0.0,0.0
154,8,3.0,Developable,19.0,0.0,0.0,4.40039400243338,0.0,0.0,0.0,0.0
154,8,3.0,Redevelopable,132.0,25.11518270782,122.52964371905983,70.94100557063389,198940.2911650748,10205.267148725,68.5626549822809,2.3783505883530003
154,8,3.0,Remain,188.0,534.440923138373,153.40769902423602,67.69071997426394,249214.6888190754,247582.352867721,44.39806599433573,23.2926539799282
154,8,3.0,Undevelopable,29.0,3.99625214823,3.866474728485,6.875349688365699,4907.819700726,1398.68825188,0.0,0.0
155,8,2.0,Developable,122.0,0.0,0.0,173.15501375185772,0.0,0.0,0.0,0.0
155,8,2.0,Redevelopable,148.0,1060.9602408713322,120.01086976869092,82.93678075379883,216623.42147817113,418146.4039092996,36.11163000019305,46.825150753605804
155,8,2.0,Remain,511.0,1954.6035572655296,688.8518662577682,128.41540103453673,1175613.8303217932,845341.6065345304,45.046861889429806,83.368539145107
155,8,2.0,Undevelopable,38.0,80.38562664064,16.829495296245998,62.91391762192019,29028.153677249997,58489.638884511,0.0,0.0
156,6,2.0,Redevelopable,27.0,0.0,12.499402515360629,2.738657044565948,17423.575399569512,0.0,2.738657044565948,0.0
157,4,2.0,Developable,40.0,0.0,0.0,5.147965041172586,0.0,0.0,0.0,0.0
157,4,2.0,Redevelopable,143.0,708.957271595153,101.21209368908187,39.663489786950194,125114.12407348445,477819.062510431,20.253846776938605,19.409643010011607
157,4,2.0,Remain,56.0,380.45049601492997,0.0,8.6641680948644,0.0,271419.4440624601,0.0,8.6641680948644
157,4,2.0,Undevelopable,8.0,220.55630287820003,0.0,14.400638085635048,0.0,104344.3311052,0.0,0.0
157,8,2.0,Developable,136.0,0.0,0.0,72.56252067149246,0.0,0.0,0.0,0.0
157,8,2.0,Redevelopable,919.0,4809.378177030207,804.0757238780495,359.12217987399316,1388695.1476957994,2556607.4568320317,156.97295926743905,202.1492206065541
157,8,2.0,Remain,660.0,1386.61319117975,1623.78794579007,116.11968605803997,1397722.6604398086,741943.4064550347,74.66076890582093,41.4589171522189
157,8,2.0,Undevelopable,58.0,492.92885238387396,11.790532883864001,123.5095169600118,14980.64130783,174191.01475791456,0.0,0.0
158,2,1.0,Developable,94.0,0.0,0.0,45.78564670012041,0.0,0.0,0.0,0.0
158,2,1.0,Redevelopable,274.0,277.14686915378974,246.6183105598134,82.71680868172106,288732.1641085224,192553.93389470287,50.60158641065951,32.115222271061654
158,2,1.0,Remain,177.0,512.8281109830199,149.61899074632527,39.96980238576607,209644.40282674754,248585.20348782,30.658497143695456,9.31130524207063
158,2,1.0,Undevelopable,12.0,26.9786860587,0.0,8.301034275280939,0.0,9442.54012056,0.0,0.0
